Match_Date,Match_Format,Opponent,Winner,Margin,Ground,Year
2002-06-27,ODI,England,Opponent,44 runs,"Trent Bridge, Nottingham",2002
2003-01-09,ODI,Australia,Sri Lanka,79 runs,Sydney Cricket Ground,2003
2003-01-13,ODI,England,Sri Lanka,31 runs,Sydney Cricket Ground,2003
2003-01-15,ODI,Australia,Opponent,4 wickets,"Brisbane Cricket Ground, Woolloongabba, Brisbane",2003
2003-01-17,ODI,England,Opponent,19 runs,Adelaide Oval,2003
2003-01-21,ODI,Australia,Opponent,9 wickets,Melbourne Cricket Ground,2003
2003-02-10,ODI,New Zealand,Sri Lanka,47 runs,"Goodyear Park, Bloemfontein",2003
2003-02-19,ODI,Canada,Sri Lanka,9 wickets,"Boland Bank Park, Paarl",2003
2003-02-24,ODI,Kenya,Opponent,53 runs,"Gymkhana Club Ground, Nairobi",2003
2003-02-28,ODI,West Indies,Sri Lanka,6 runs,"Newlands, Cape Town",2003
2003-03-03,ODI,South Africa,Tie,,"Kingsmead, Durban",2003
2003-03-07,ODI,Australia,Opponent,96 runs,"SuperSport Park, Centurion",2003
2003-03-10,ODI,India,Opponent,183 runs,"New Wanderers Stadium, Johannesburg",2003
2003-03-15,ODI,Zimbabwe,Sri Lanka,74 runs,"Buffalo Park, East London",2003
2003-03-18,ODI,Australia,Opponent,48 runs,"St George's Park, Port Elizabeth",2003
2003-04-04,ODI,Pakistan,Opponent,7 wickets,Sharjah Cricket Association Stadium,2003
2003-04-06,ODI,Kenya,Sri Lanka,129 runs,Sharjah Cricket Association Stadium,2003
2003-04-07,ODI,Zimbabwe,Opponent,4 wickets,Sharjah Cricket Association Stadium,2003
2003-05-10,ODI,Pakistan,Opponent,79 runs,Rangiri Dambulla International Stadium,2003
2003-05-19,ODI,New Zealand,Opponent,9 runs,Rangiri Dambulla International Stadium,2003
2003-06-07,ODI,West Indies,Sri Lanka,55 runs,"Kensington Oval, Bridgetown, Barbados",2003
2003-06-11,ODI,West Indies,Opponent,6 wickets,"Arnos Vale Ground, Kingstown, St Vincent",2003
2003-11-18,ODI,England,Sri Lanka,10 wickets,Rangiri Dambulla International Stadium,2003
2003-12-18,Test,England,Sri Lanka,215 runs,"Sinhalese Sports Club Ground, Colombo",2003
2004-02-20,ODI,Australia,Opponent,84 runs,Rangiri Dambulla International Stadium,2004
2004-02-22,ODI,Australia,Sri Lanka,1 runs,Rangiri Dambulla International Stadium,2004
2004-02-27,ODI,Australia,Opponent,40 runs,R.Premadasa Stadium,2004
2004-03-08,Test,Australia,Opponent,197 runs,Galle International Stadium,2004
2004-04-20,ODI,Zimbabwe,Sri Lanka,12 runs,Queens Sports Club,2004
2004-04-27,ODI,Zimbabwe,Sri Lanka,72 runs,Harare Sports Club,2004
2004-07-21,ODI,Pakistan,Sri Lanka,7 wickets,R.Premadasa Stadium,2004
2004-07-23,ODI,Bangladesh,Sri Lanka,10 wickets,R.Premadasa Stadium,2004
2004-07-27,ODI,India,Opponent,4 runs,R.Premadasa Stadium,2004
2004-08-01,ODI,India,Sri Lanka,25 runs,R.Premadasa Stadium,2004
2004-08-28,ODI,South Africa,Sri Lanka,7 wickets,Rangiri Dambulla International Stadium,2004
2004-08-31,ODI,South Africa,Sri Lanka,49 runs,Sinhalese Sports Club,2004
2004-09-14,ODI,Zimbabwe,Sri Lanka,4 wickets,Kennington Oval,2004
2004-09-17,ODI,England,Opponent,49 runs,The Rose Bowl,2004
2004-10-06,ODI,Pakistan,Opponent,8 wickets,National Stadium,2004
2004-10-09,ODI,Zimbabwe,Sri Lanka,7 wickets,Rawalpindi Cricket Stadium,2004
2004-10-16,ODI,Pakistan,Sri Lanka,119 runs,Gaddafi Stadium,2004
2005-04-11,Test,New Zealand,Opponent,38 runs,Basin Reserve,2005
2005-08-02,ODI,West Indies,Sri Lanka,50 runs,Rangiri Dambulla International Stadium,2005
2005-08-06,ODI,West Indies,Opponent,33 runs,"R.Premadasa Stadium, Khettarama",2005
2005-08-31,ODI,Bangladesh,Sri Lanka,88 runs,Sinhalese Sports Club Ground,2005
2005-09-12,Test,Bangladesh,Sri Lanka,96 runs,R.Premadasa Stadium,2005
2005-09-20,Test,Bangladesh,Sri Lanka,69 runs,P Sara Oval,2005
2005-10-25,ODI,India,Opponent,152 runs,Vidarbha C.A. Ground,2005
2005-10-28,ODI,India,Opponent,8 wickets,"Punjab Cricket Association IS Bindra Stadium, Mohali",2005
2005-11-03,ODI,India,Opponent,4 wickets,Nehru Stadium,2005
2005-11-06,ODI,India,Sri Lanka,5 wickets,"Sardar Patel (Gujarat) Stadium, Motera",2005
2005-11-09,ODI,India,Opponent,7 wickets,Madhavrao Scindia Cricket Ground,2005
2005-11-12,ODI,India,Opponent,5 wickets,Reliance Stadium,2005
2005-12-18,Test,India,Opponent,259 runs,Sardar Patel Stadium,2005
2005-12-31,ODI,New Zealand,Opponent,7 wickets,John Davies Oval,2005
2006-01-03,ODI,New Zealand,Opponent,5 wickets,Jade Stadium,2006
2006-01-06,ODI,New Zealand,Opponent,21 runs,Westpac Stadium,2006
2006-01-17,ODI,South Africa,Sri Lanka,94 runs,"Brisbane Cricket Ground, Woolloongabba",2006
2006-01-22,ODI,Australia,Sri Lanka,51 runs,Sydney Cricket Ground,2006
2006-01-24,ODI,South Africa,Opponent,9 runs,Adelaide Oval,2006
2006-01-26,ODI,Australia,Opponent,5 wickets,Adelaide Oval,2006
2006-01-29,ODI,Australia,Opponent,6 wickets,Western Australia Cricket Association Ground,2006
2006-01-31,ODI,South Africa,Opponent,5 wickets,Western Australia Cricket Association Ground,2006
2006-02-07,ODI,South Africa,Sri Lanka,76 runs,Bellerive Oval,2006
2006-02-10,ODI,Australia,Sri Lanka,22 runs,Adelaide Oval,2006
2006-02-12,ODI,Australia,Opponent,167 runs,Sydney Cricket Ground,2006
2006-02-14,ODI,Australia,Opponent,9 wickets,"Brisbane Cricket Ground, Woolloongabba",2006
2006-02-20,ODI,Bangladesh,Sri Lanka,5 wickets,Shaheed Chandu Stadium,2006
2006-02-22,ODI,Bangladesh,Opponent,4 wickets,Shaheed Chandu Stadium,2006
2006-02-25,ODI,Bangladesh,Sri Lanka,78 runs,Chittagong Divisional Stadium,2006
2006-02-28,Test,Bangladesh,Sri Lanka,8 wickets,Zahur Ahmed Chowdhury Stadium,2006
2006-03-08,Test,Bangladesh,Sri Lanka,10 wickets,Shaheed Chandu Stadium,2006
2006-03-17,ODI,Pakistan,No Result,,R Premadasa Stadium,2006
2006-03-19,ODI,Pakistan,Opponent,4 wickets,R Premadasa Stadium,2006
2006-03-22,ODI,Pakistan,Opponent,4 wickets,Sinhalese Sports Club Ground,2006
2006-04-03,Test,Pakistan,Opponent,8 wickets,Asgiriya Stadium,2006
2006-05-11,Test,England,Draw,,Lord's,2006
2006-05-25,Test,England,Opponent,6 wickets,Edgbaston,2006
2006-06-02,Test,England,Sri Lanka,134 runs,Trent Bridge,2006
2006-06-15,T20,England,Sri Lanka,2 runs,The Rose Bowl,2006
2006-06-17,ODI,England,Sri Lanka,20 runs,Lord's,2006
2006-06-20,ODI,England,Sri Lanka,46 runs,Kennington Oval,2006
2006-06-24,ODI,England,Sri Lanka,8 wickets,Riverside Ground,2006
2006-06-28,ODI,England,Sri Lanka,33 runs,Old Trafford,2006
2006-07-01,ODI,England,Sri Lanka,8 wickets,Headingley,2006
2006-07-27,Test,South Africa,Sri Lanka,153 runs,Sinhalese Sports Club Ground,2006
2006-08-04,Test,South Africa,Sri Lanka,1 wickets,P Sara Oval,2006
2006-08-18,ODI,India,No Result,,Sinhalese Sports Club Ground,2006
2006-10-07,ODI,Bangladesh,Sri Lanka,37 runs,"Punjab Cricket Association Stadium, Mohali",2006
2006-10-10,ODI,Zimbabwe,Sri Lanka,144 runs,"Sardar Patel Stadium, Motera",2006
2006-10-14,ODI,West Indies,Sri Lanka,9 wickets,Brabourne Stadium,2006
2006-10-17,ODI,Pakistan,Opponent,4 wickets,Sawai Mansingh Stadium,2006
2006-10-20,ODI,New Zealand,Sri Lanka,7 wickets,Brabourne Stadium,2006
2006-10-24,ODI,South Africa,Opponent,78 runs,"Sardar Patel Stadium, Motera",2006
2006-12-07,Test,New Zealand,Opponent,5 wickets,AMI Stadium,2006
2006-12-15,Test,New Zealand,Sri Lanka,217 runs,Basin Reserve,2006
2006-12-22,T20,New Zealand,Sri Lanka,18 runs,Westpac Stadium,2006
2006-12-26,T20,New Zealand,Opponent,5 wickets,Eden Park,2006
2006-12-28,ODI,New Zealand,Sri Lanka,7 wickets,McLean Park,2006
2007-01-02,ODI,New Zealand,Opponent,4 wickets,Jade Stadium,2007
2007-01-06,ODI,New Zealand,Sri Lanka,189 runs,Eden Park,2007
2007-02-08,ODI,India,No Result,,Eden Gardens,2007
2007-02-11,ODI,India,Sri Lanka,5 runs,Madhavrao Scindia Cricket Ground,2007
2007-02-14,ODI,India,Opponent,5 wickets,"Nehru Stadium, Fatorda",2007
2007-02-17,ODI,India,Opponent,7 wickets,Andhra Cricket Association-Visakhapatnam District Cricket Association Stadium,2007
2007-03-15,ODI,Bermuda,Sri Lanka,243 runs,"Queen's Park Oval, Port of Spain",2007
2007-03-21,ODI,Bangladesh,Sri Lanka,198 runs,"Queen's Park Oval, Port of Spain",2007
2007-03-23,ODI,India,Sri Lanka,69 runs,"Queen's Park Oval, Port of Spain",2007
2007-03-28,ODI,South Africa,Opponent,1 wickets,Providence Stadium,2007
2007-04-01,ODI,West Indies,Sri Lanka,113 runs,Providence Stadium,2007
2007-04-04,ODI,England,Sri Lanka,2 runs,"Sir Vivian Richards Stadium, North Sound",2007
2007-04-12,ODI,New Zealand,Sri Lanka,6 wickets,"National Cricket Stadium, St George's",2007
2007-04-16,ODI,Australia,Opponent,7 wickets,"National Cricket Stadium, St George's",2007
2007-04-18,ODI,Ireland,Sri Lanka,8 wickets,"National Cricket Stadium, St George's",2007
2007-04-24,ODI,New Zealand,Sri Lanka,81 runs,"Sabina Park, Kingston",2007
2007-04-28,ODI,Australia,Opponent,53 runs,"Kensington Oval, Bridgetown",2007
2007-06-25,Test,Bangladesh,Sri Lanka,234 runs,Sinhalese Sports Club Ground,2007
2007-07-03,Test,Bangladesh,Sri Lanka,90 runs,P Sara Oval,2007
2007-07-11,Test,Bangladesh,Sri Lanka,193 runs,Asgiriya Stadium,2007
2007-07-20,ODI,Bangladesh,Sri Lanka,70 runs,P Saravanamuttu Stadium,2007
2007-07-23,ODI,Bangladesh,Sri Lanka,5 wickets,R Premadasa Stadium,2007
2007-07-25,ODI,Bangladesh,Sri Lanka,39 runs,R Premadasa Stadium,2007
2007-09-14,T20,Kenya,Sri Lanka,172 runs,New Wanderers Stadium,2007
2007-09-15,T20,New Zealand,Sri Lanka,7 wickets,New Wanderers Stadium,2007
2007-09-17,T20,Pakistan,Opponent,33 runs,New Wanderers Stadium,2007
2007-09-18,T20,Bangladesh,Sri Lanka,64 runs,New Wanderers Stadium,2007
2007-09-20,T20,Australia,Opponent,10 wickets,Newlands,2007
2007-10-01,ODI,England,Sri Lanka,119 runs,Rangiri Dambulla International Stadium,2007
2007-10-04,ODI,England,Opponent,65 runs,Rangiri Dambulla International Stadium,2007
2007-10-10,ODI,England,Opponent,5 wickets,R Premadasa Stadium,2007
2007-10-13,ODI,England,Sri Lanka,107 runs,R Premadasa Stadium,2007
2007-11-08,Test,Australia,Opponent,40 runs,"Brisbane Cricket Ground, Woolloongabba",2007
2007-11-16,Test,Australia,Opponent,96 runs,Bellerive Oval,2007
2007-12-01,Test,England,Sri Lanka,88 runs,Asgiriya Stadium,2007
2007-12-09,Test,England,Draw,,Sinhalese Sports Club Ground,2007
2007-12-18,Test,England,Draw,,Galle International Stadium,2007
2008-02-05,ODI,India,No Result,,"Brisbane Cricket Ground, Woolloongabba",2008
2008-02-08,ODI,Australia,Opponent,128 runs,Sydney Cricket Ground,2008
2008-02-15,ODI,Australia,Opponent,63 runs,Western Australia Cricket Association Ground,2008
2008-02-19,ODI,India,Opponent,2 wickets,Adelaide Oval,2008
2008-02-22,ODI,Australia,Opponent,24 runs,Melbourne Cricket Ground,2008
2008-02-26,ODI,India,Opponent,7 wickets,Bellerive Oval,2008
2008-02-29,ODI,Australia,Sri Lanka,13 runs,Melbourne Cricket Ground,2008
2008-03-22,Test,West Indies,Sri Lanka,121 runs,Providence Stadium,2008
2008-04-03,Test,West Indies,Opponent,6 wickets,"Queen's Park Oval, Port of Spain",2008
2008-04-10,ODI,West Indies,Opponent,1 wickets,"Queen's Park Oval, Port of Spain",2008
2008-04-12,ODI,West Indies,Opponent,7 wickets,"Queen's Park Oval, Port of Spain",2008
2008-04-15,ODI,West Indies,No Result,,"Beausejour Stadium, Gros Islet",2008
2008-05-08,ODI,India,Opponent,8 wickets,Welagedara Stadium,2008
2008-05-11,ODI,India,Opponent,177 runs,Welagedara Stadium,2008
2008-06-25,ODI,Bangladesh,Sri Lanka,131 runs,Gaddafi Stadium,2008
2008-06-26,ODI,United Arab Emirates,Sri Lanka,142 runs,Gaddafi Stadium,2008
2008-06-29,ODI,Pakistan,Sri Lanka,64 runs,National Stadium,2008
2008-06-30,ODI,Bangladesh,Sri Lanka,158 runs,National Stadium,2008
2008-07-03,ODI,India,Opponent,6 wickets,National Stadium,2008
2008-07-06,ODI,India,Sri Lanka,100 runs,National Stadium,2008
2008-07-23,Test,India,Sri Lanka,239 runs,Sinhalese Sports Club Ground,2008
2008-07-31,Test,India,Opponent,170 runs,Galle International Stadium,2008
2008-08-08,Test,India,Sri Lanka,8 wickets,P Saravanamuttu Stadium,2008
2008-08-18,ODI,India,Sri Lanka,8 wickets,Rangiri Dambulla International Stadium,2008
2008-08-20,ODI,India,Opponent,3 wickets,Rangiri Dambulla International Stadium,2008
2008-08-24,ODI,India,Opponent,33 runs,R Premadasa Stadium,2008
2008-08-27,ODI,India,Opponent,46 runs,R Premadasa Stadium,2008
2008-08-29,ODI,India,Sri Lanka,112 runs,R Premadasa Stadium,2008
2008-10-11,T20,Pakistan,Opponent,3 wickets,Maple Leaf North-West Ground,2008
2008-10-13,T20,Pakistan,Sri Lanka,5 wickets,Maple Leaf North-West Ground,2008
2008-11-20,ODI,Zimbabwe,Sri Lanka,6 wickets,Harare Sports Club,2008
2008-11-22,ODI,Zimbabwe,Sri Lanka,9 wickets,Harare Sports Club,2008
2008-11-24,ODI,Zimbabwe,Sri Lanka,5 runs,Harare Sports Club,2008
2008-11-30,ODI,Zimbabwe,Sri Lanka,19 runs,Harare Sports Club,2008
2009-01-03,Test,Bangladesh,Sri Lanka,465 runs,Chittagong Divisional Stadium,2009
2009-01-14,ODI,Bangladesh,Opponent,5 wickets,Shere Bangla National Stadium,2009
2009-01-20,ODI,Pakistan,Opponent,8 wickets,National Stadium,2009
2009-01-21,ODI,Pakistan,Sri Lanka,129 runs,National Stadium,2009
2009-01-24,ODI,Pakistan,Sri Lanka,234 runs,Gaddafi Stadium,2009
2009-01-28,ODI,India,Opponent,6 wickets,Rangiri Dambulla International Stadium,2009
2009-01-31,ODI,India,Opponent,15 runs,R Premadasa Stadium,2009
2009-02-03,ODI,India,Opponent,147 runs,R Premadasa Stadium,2009
2009-02-05,ODI,India,Opponent,67 runs,R Premadasa Stadium,2009
2009-02-08,ODI,India,Sri Lanka,68 runs,R Premadasa Stadium,2009
2009-02-10,T20,India,Opponent,3 wickets,R Premadasa Stadium,2009
2009-02-21,Test,Pakistan,Draw,,National Stadium,2009
2009-03-01,Test,Pakistan,Draw,,Gaddafi Stadium,2009
2009-06-08,T20,Australia,Sri Lanka,6 wickets,Trent Bridge,2009
2009-06-10,T20,West Indies,Sri Lanka,15 runs,Trent Bridge,2009
2009-06-12,T20,Pakistan,Sri Lanka,19 runs,Lord's,2009
2009-06-14,T20,Ireland,Sri Lanka,9 runs,Lord's,2009
2009-06-16,T20,New Zealand,Sri Lanka,48 runs,Trent Bridge,2009
2009-06-19,T20,West Indies,Sri Lanka,57 runs,Kennington Oval,2009
2009-06-21,T20,Pakistan,Opponent,8 wickets,Lord's,2009
2009-07-04,Test,Pakistan,Sri Lanka,50 runs,Galle International Stadium,2009
2009-07-12,Test,Pakistan,Sri Lanka,7 wickets,P Sara Oval,2009
2009-07-20,Test,Pakistan,Draw,,Sinhalese Sports Club Ground,2009
2009-07-30,ODI,Pakistan,Sri Lanka,36 runs,Rangiri Dambulla International Stadium,2009
2009-08-01,ODI,Pakistan,Sri Lanka,6 wickets,Rangiri Dambulla International Stadium,2009
2009-08-03,ODI,Pakistan,Sri Lanka,6 wickets,Rangiri Dambulla International Stadium,2009
2009-08-07,ODI,Pakistan,Opponent,146 runs,R Premadasa Stadium,2009
2009-08-09,ODI,Pakistan,Opponent,132 runs,R Premadasa Stadium,2009
2009-08-12,T20,Pakistan,Opponent,52 runs,R Premadasa Stadium,2009
2009-08-18,Test,New Zealand,Sri Lanka,202 runs,Galle International Stadium,2009
2009-08-26,Test,New Zealand,Sri Lanka,96 runs,Sinhalese Sports Club Ground,2009
2009-09-02,T20,New Zealand,Opponent,3 runs,R Premadasa Stadium,2009
2009-09-04,T20,New Zealand,Opponent,22 runs,R Premadasa Stadium,2009
2009-09-08,ODI,New Zealand,Sri Lanka,97 runs,R Premadasa Stadium,2009
2009-09-12,ODI,India,Sri Lanka,139 runs,R Premadasa Stadium,2009
2009-09-14,ODI,India,Opponent,46 runs,R Premadasa Stadium,2009
2009-09-22,ODI,South Africa,Sri Lanka,55 runs,SuperSport Park,2009
2009-09-25,ODI,England,Opponent,6 wickets,New Wanderers Stadium,2009
2009-09-27,ODI,New Zealand,Opponent,38 runs,New Wanderers Stadium,2009
2009-11-16,Test,India,Draw,,"Sardar Patel Stadium, Motera",2009
2009-11-24,Test,India,Opponent,144 runs,Green Park,2009
2009-12-02,Test,India,Opponent,24 runs,Brabourne Stadium,2009
2009-12-09,T20,India,Sri Lanka,29 runs,"Vidarbha Cricket Association Stadium, Jamtha",2009
2009-12-12,T20,India,Opponent,6 wickets,"Punjab Cricket Association Stadium, Mohali",2009
2009-12-15,ODI,India,Opponent,3 runs,Madhavrao Scindia Cricket Ground,2009
2009-12-18,ODI,India,Sri Lanka,3 wickets,"Vidarbha Cricket Association Stadium, Jamtha",2009
2009-12-21,ODI,India,Opponent,7 wickets,Barabati Stadium,2009
2009-12-24,ODI,India,Opponent,7 wickets,Eden Gardens,2009
2009-12-27,ODI,India,No Result,,Feroz Shah Kotla,2009
2010-01-04,ODI,Bangladesh,Sri Lanka,7 wickets,Shere Bangla National Stadium,2010
2010-01-05,ODI,India,Sri Lanka,5 wickets,Shere Bangla National Stadium,2010
2010-01-08,ODI,Bangladesh,Sri Lanka,9 wickets,Shere Bangla National Stadium,2010
2010-01-10,ODI,India,Opponent,8 wickets,Shere Bangla National Stadium,2010
2010-01-13,ODI,India,Sri Lanka,4 wickets,Shere Bangla National Stadium,2010
2010-04-30,T20,New Zealand,Opponent,2 wickets,Providence Stadium,2010
2010-05-03,T20,Zimbabwe,Sri Lanka,14 runs,Providence Stadium,2010
2010-05-07,T20,West Indies,Sri Lanka,57 runs,"Kensington Oval, Bridgetown",2010
2010-05-09,T20,Australia,Opponent,81 runs,"Kensington Oval, Bridgetown",2010
2010-05-11,T20,India,Sri Lanka,5 wickets,"Beausejour Stadium, Gros Islet",2010
2010-05-13,T20,England,Opponent,7 wickets,"Beausejour Stadium, Gros Islet",2010
2010-05-22,T20,New Zealand,Opponent,28 runs,Central Broward Regional Park Stadium Turf Ground,2010
2010-05-23,T20,New Zealand,Sri Lanka,7 wickets,Central Broward Regional Park Stadium Turf Ground,2010
2010-05-30,ODI,India,Opponent,7 wickets,Queens Sports Club,2010
2010-06-01,ODI,Zimbabwe,Sri Lanka,9 wickets,Queens Sports Club,2010
2010-06-05,ODI,India,Sri Lanka,6 wickets,Harare Sports Club,2010
2010-06-07,ODI,Zimbabwe,Opponent,8 wickets,Harare Sports Club,2010
2010-06-09,ODI,Zimbabwe,Sri Lanka,9 wickets,Harare Sports Club,2010
2010-06-15,ODI,Pakistan,Sri Lanka,16 runs,Rangiri Dambulla International Stadium,2010
2010-06-18,ODI,Bangladesh,Sri Lanka,126 runs,Rangiri Dambulla International Stadium,2010
2010-06-22,ODI,India,Sri Lanka,7 wickets,Rangiri Dambulla International Stadium,2010
2010-06-24,ODI,India,Opponent,81 runs,Rangiri Dambulla International Stadium,2010
2010-07-18,Test,India,Sri Lanka,10 wickets,Galle International Stadium,2010
2010-07-26,Test,India,Draw,,Sinhalese Sports Club Ground,2010
2010-08-03,Test,India,Opponent,5 wickets,P Sara Oval,2010
2010-08-13,ODI,New Zealand,Sri Lanka,3 wickets,Rangiri Dambulla International Stadium,2010
2010-08-16,ODI,India,Opponent,6 wickets,Rangiri Dambulla International Stadium,2010
2010-08-19,ODI,New Zealand,No Result,,Rangiri Dambulla International Stadium,2010
2010-08-22,ODI,India,Sri Lanka,8 wickets,Rangiri Dambulla International Stadium,2010
2010-08-28,ODI,India,Sri Lanka,74 runs,Rangiri Dambulla International Stadium,2010
2010-10-31,T20,Australia,Sri Lanka,7 wickets,Western Australia Cricket Association Ground,2010
2010-11-03,ODI,Australia,Sri Lanka,1 wickets,Melbourne Cricket Ground,2010
2010-11-05,ODI,Australia,Sri Lanka,29 runs,Sydney Cricket Ground,2010
2010-11-07,ODI,Australia,Opponent,8 wickets,"Brisbane Cricket Ground, Woolloongabba",2010
2010-11-15,Test,West Indies,Draw,,Galle International Stadium,2010
2010-11-23,Test,West Indies,Draw,,R Premadasa Stadium,2010
2010-12-01,Test,West Indies,Draw,,Pallekele International Cricket Stadium,2010
2011-01-31,ODI,West Indies,No Result,,Sinhalese Sports Club Ground,2011
2011-02-03,ODI,West Indies,Sri Lanka,8 wickets,Sinhalese Sports Club Ground,2011
2011-02-06,ODI,West Indies,Sri Lanka,26 runs,Sinhalese Sports Club Ground,2011
2011-02-20,ODI,Canada,Sri Lanka,210 runs,"Mahinda Rajapaksa International Cricket Stadium, Sooriyawewa",2011
2011-02-26,ODI,Pakistan,Opponent,11 runs,R Premadasa Stadium,2011
2011-03-01,ODI,Kenya,Sri Lanka,9 wickets,R Premadasa Stadium,2011
2011-03-05,ODI,Australia,No Result,,R Premadasa Stadium,2011
2011-03-10,ODI,Zimbabwe,Sri Lanka,139 runs,Pallekele International Cricket Stadium,2011
2011-03-18,ODI,New Zealand,Sri Lanka,112 runs,Wankhede Stadium,2011
2011-03-26,ODI,England,Sri Lanka,10 wickets,R Premadasa Stadium,2011
2011-03-29,ODI,New Zealand,Sri Lanka,5 wickets,R Premadasa Stadium,2011
2011-04-02,ODI,India,Opponent,6 wickets,Wankhede Stadium,2011
2011-05-26,Test,England,Opponent,14 runs,Sophia Gardens,2011
2011-06-03,Test,England,Draw,,Lord's,2011
2011-06-16,Test,England,Draw,,The Rose Bowl,2011
2011-06-25,T20,England,Sri Lanka,9 wickets,County Ground,2011
2011-06-28,ODI,England,Opponent,110 runs,Kennington Oval,2011
2011-07-01,ODI,England,Sri Lanka,69 runs,Headingley,2011
2011-07-03,ODI,England,Sri Lanka,6 wickets,Lord's,2011
2011-07-06,ODI,England,Opponent,10 wickets,Trent Bridge,2011
2011-07-09,ODI,England,Opponent,16 runs,Old Trafford,2011
2011-08-06,T20,Australia,Sri Lanka,35 runs,Pallekele International Cricket Stadium,2011
2011-08-08,T20,Australia,Sri Lanka,8 runs,Pallekele International Cricket Stadium,2011
2011-08-10,ODI,Australia,Opponent,7 wickets,Pallekele International Cricket Stadium,2011
2011-08-14,ODI,Australia,Opponent,8 wickets,"Mahinda Rajapaksa International Cricket Stadium, Sooriyawewa",2011
2011-08-16,ODI,Australia,Sri Lanka,78 runs,"Mahinda Rajapaksa International Cricket Stadium, Sooriyawewa",2011
2011-08-20,ODI,Australia,Opponent,5 wickets,R Premadasa Stadium,2011
2011-08-22,ODI,Australia,Sri Lanka,4 wickets,R Premadasa Stadium,2011
2011-08-31,Test,Australia,Opponent,125 runs,Galle International Stadium,2011
2011-09-08,Test,Australia,Draw,,Pallekele International Cricket Stadium,2011
2011-09-16,Test,Australia,Draw,,Sinhalese Sports Club Ground,2011
2011-10-18,Test,Pakistan,Draw,,Sheikh Zayed Stadium,2011
2011-10-26,Test,Pakistan,Opponent,9 wickets,Dubai International Cricket Stadium,2011
2011-11-03,Test,Pakistan,Draw,,Sharjah Cricket Stadium,2011
2011-11-11,ODI,Pakistan,Opponent,8 wickets,Dubai International Cricket Stadium,2011
2011-11-14,ODI,Pakistan,Sri Lanka,25 runs,Dubai International Cricket Stadium,2011
2011-11-18,ODI,Pakistan,Opponent,21 runs,Dubai International Cricket Stadium,2011
2011-11-20,ODI,Pakistan,Opponent,26 runs,Sharjah Cricket Stadium,2011
2011-11-23,ODI,Pakistan,Opponent,3 wickets,Sheikh Zayed Stadium,2011
2011-11-25,T20,Pakistan,Opponent,5 wickets,Sheikh Zayed Stadium,2011
2011-12-15,Test,South Africa,Opponent,81 runs,SuperSport Park,2011
2011-12-26,Test,South Africa,Sri Lanka,208 runs,Kingsmead,2011
2012-01-03,Test,South Africa,Opponent,10 wickets,Newlands,2012
2012-01-11,ODI,South Africa,Opponent,258 runs,Boland Park,2012
2012-01-14,ODI,South Africa,Opponent,5 wickets,Buffalo Park,2012
2012-01-17,ODI,South Africa,Opponent,4 runs,Chevrolet Park,2012
2012-01-20,ODI,South Africa,Sri Lanka,5 wickets,De Beers Diamond Oval,2012
2012-01-22,ODI,South Africa,Sri Lanka,2 wickets,New Wanderers Stadium,2012
2012-02-08,ODI,India,Opponent,4 wickets,Western Australia Cricket Association Ground,2012
2012-02-10,ODI,Australia,Opponent,5 runs,Western Australia Cricket Association Ground,2012
2012-02-14,ODI,India,Tie,,Adelaide Oval,2012
2012-02-17,ODI,Australia,Sri Lanka,8 wickets,Sydney Cricket Ground,2012
2012-02-21,ODI,India,Sri Lanka,51 runs,"Brisbane Cricket Ground, Woolloongabba",2012
2012-02-24,ODI,Australia,Sri Lanka,3 wickets,Bellerive Oval,2012
2012-02-28,ODI,India,Opponent,7 wickets,Bellerive Oval,2012
2012-03-02,ODI,Australia,Sri Lanka,9 runs,Melbourne Cricket Ground,2012
2012-03-04,ODI,Australia,Opponent,15 runs,"Brisbane Cricket Ground, Woolloongabba",2012
2012-03-06,ODI,Australia,Sri Lanka,8 wickets,Adelaide Oval,2012
2012-03-08,ODI,Australia,Opponent,16 runs,Adelaide Oval,2012
2012-03-13,ODI,India,Opponent,50 runs,Shere Bangla National Stadium,2012
2012-03-15,ODI,Pakistan,Opponent,6 wickets,Shere Bangla National Stadium,2012
2012-03-20,ODI,Bangladesh,Opponent,5 wickets,Shere Bangla National Stadium,2012
2012-03-26,Test,England,Sri Lanka,75 runs,Galle International Stadium,2012
2012-04-03,Test,England,Opponent,8 wickets,P Sara Oval,2012
2012-06-01,T20,Pakistan,Sri Lanka,37 runs,"Mahinda Rajapaksa International Cricket Stadium, Sooriyawewa",2012
2012-06-03,T20,Pakistan,Opponent,23 runs,"Mahinda Rajapaksa International Cricket Stadium, Sooriyawewa",2012
2012-06-07,ODI,Pakistan,Opponent,6 wickets,Pallekele International Cricket Stadium,2012
2012-06-09,ODI,Pakistan,Sri Lanka,76 runs,Pallekele International Cricket Stadium,2012
2012-06-13,ODI,Pakistan,No Result,,R Premadasa Stadium,2012
2012-06-16,ODI,Pakistan,Sri Lanka,44 runs,R Premadasa Stadium,2012
2012-06-18,ODI,Pakistan,Sri Lanka,2 wickets,R Premadasa Stadium,2012
2012-06-22,Test,Pakistan,Sri Lanka,209 runs,Galle International Stadium,2012
2012-06-30,Test,Pakistan,Draw,,Sinhalese Sports Club Ground,2012
2012-07-08,Test,Pakistan,Draw,,Pallekele International Cricket Stadium,2012
2012-07-21,ODI,India,Opponent,21 runs,"Mahinda Rajapaksa International Cricket Stadium, Sooriyawewa",2012
2012-07-24,ODI,India,Sri Lanka,9 wickets,"Mahinda Rajapaksa International Cricket Stadium, Sooriyawewa",2012
2012-07-28,ODI,India,Opponent,5 wickets,R Premadasa Stadium,2012
2012-07-31,ODI,India,Opponent,6 wickets,R Premadasa Stadium,2012
2012-08-04,ODI,India,Opponent,20 runs,Pallekele International Cricket Stadium,2012
2012-08-07,T20,India,Opponent,39 runs,Pallekele International Cricket Stadium,2012
2012-09-18,T20,Zimbabwe,Sri Lanka,82 runs,"Mahinda Rajapaksa International Cricket Stadium, Sooriyawewa",2012
2012-09-22,T20,South Africa,Opponent,32 runs,"Mahinda Rajapaksa International Cricket Stadium, Sooriyawewa",2012
2012-09-26,T20,South Africa,Opponent,6 wickets,Galle International Stadium,2012
2012-09-27,T20,New Zealand,Tie,,Pallekele International Cricket Stadium,2012
2012-09-28,T20,West Indies,Sri Lanka,5 runs,Galle International Stadium,2012
2012-09-29,T20,West Indies,Sri Lanka,9 wickets,Pallekele International Cricket Stadium,2012
2012-09-30,T20,New Zealand,Opponent,8 wickets,Galle International Stadium,2012
2012-10-01,T20,England,Sri Lanka,19 runs,Pallekele International Cricket Stadium,2012
2012-10-03,T20,India,Opponent,9 wickets,Nondescripts Cricket Club Ground,2012
2012-10-04,T20,Pakistan,Sri Lanka,16 runs,R Premadasa Stadium,2012
2012-10-07,T20,West Indies,Opponent,36 runs,R Premadasa Stadium,2012
2012-10-28,T20,Bangladesh,Opponent,5 runs,Guanggong International Cricket Stadium,2012
2012-10-30,T20,New Zealand,No Result,,Pallekele International Cricket Stadium,2012
2012-11-04,ODI,New Zealand,Sri Lanka,14 runs,Pallekele International Cricket Stadium,2012
2012-11-06,ODI,New Zealand,Sri Lanka,7 wickets,Pallekele International Cricket Stadium,2012
2012-11-10,ODI,New Zealand,Sri Lanka,7 wickets,"Mahinda Rajapaksa International Cricket Stadium, Sooriyawewa",2012
2012-11-12,ODI,New Zealand,No Result,,"Mahinda Rajapaksa International Cricket Stadium, Sooriyawewa",2012
2012-11-17,Test,New Zealand,Sri Lanka,10 wickets,Galle International Stadium,2012
2012-11-25,Test,New Zealand,Opponent,167 runs,P Sara Oval,2012
2012-12-14,Test,Australia,Opponent,137 runs,Bellerive Oval,2012
2012-12-26,Test,Australia,Opponent,201 runs,Melbourne Cricket Ground,2012
2013-01-03,Test,Australia,Opponent,5 wickets,Sydney Cricket Ground,2013
2013-01-11,ODI,Australia,Opponent,107 runs,Melbourne Cricket Ground,2013
2013-01-13,ODI,Australia,Sri Lanka,8 wickets,Adelaide Oval,2013
2013-01-18,ODI,Australia,Sri Lanka,4 wickets,"Brisbane Cricket Ground, Woolloongabba",2013
2013-01-20,ODI,Australia,No Result,,Sydney Cricket Ground,2013
2013-01-23,ODI,Australia,Opponent,32 runs,Bellerive Oval,2013
2013-01-26,T20,Australia,Sri Lanka,5 wickets,Stadium Australia,2013
2013-01-28,T20,Australia,Sri Lanka,2 runs,Melbourne Cricket Ground,2013
2013-02-01,ODI,England,Sri Lanka,1 wickets,Brabourne Stadium,2013
2013-02-05,ODI,India,Sri Lanka,138 runs,Brabourne Stadium,2013
2013-02-10,ODI,Australia,Opponent,9 wickets,Brabourne Stadium,2013
2013-02-22,ODI,West Indies,Opponent,4 wickets,Rangiri Dambulla International Stadium,2013
2013-02-24,ODI,West Indies,Sri Lanka,4 wickets,Rangiri Dambulla International Stadium,2013
2013-02-26,ODI,West Indies,Opponent,33 runs,Rangiri Dambulla International Stadium,2013
2013-03-03,T20,West Indies,Opponent,6 wickets,R Premadasa Stadium,2013
2013-03-05,T20,West Indies,Opponent,34 runs,R Premadasa Stadium,2013
2013-03-08,Test,Bangladesh,Draw,,Galle International Stadium,2013
2013-03-08,T20,West Indies,Opponent,7 runs,R Premadasa Stadium,2013
2013-03-16,Test,Bangladesh,Sri Lanka,7 wickets,R Premadasa Stadium,2013
2013-03-23,ODI,Bangladesh,Sri Lanka,8 wickets,"Mahinda Rajapaksa International Cricket Stadium, Sooriyawewa",2013
2013-03-25,ODI,Bangladesh,No Result,,"Mahinda Rajapaksa International Cricket Stadium, Sooriyawewa",2013
2013-03-28,ODI,Bangladesh,Opponent,3 wickets,Pallekele International Cricket Stadium,2013
2013-03-31,T20,Bangladesh,Sri Lanka,17 runs,Pallekele International Cricket Stadium,2013
2013-06-09,ODI,New Zealand,Opponent,1 wickets,Sophia Gardens,2013
2013-06-13,ODI,England,Sri Lanka,7 wickets,Kennington Oval,2013
2013-06-17,ODI,Australia,Sri Lanka,20 runs,Kennington Oval,2013
2013-06-20,ODI,India,Opponent,8 wickets,Sophia Gardens,2013
2013-06-28,ODI,West Indies,Opponent,6 wickets,"Sabina Park, Kingston",2013
2013-07-02,ODI,India,Sri Lanka,161 runs,"Sabina Park, Kingston",2013
2013-07-07,ODI,West Indies,Sri Lanka,39 runs,"Queen's Park Oval, Port of Spain",2013
2013-07-09,ODI,India,Opponent,81 runs,"Queen's Park Oval, Port of Spain",2013
2013-07-11,ODI,India,Opponent,1 wickets,"Queen's Park Oval, Port of Spain",2013
2013-07-20,ODI,South Africa,Sri Lanka,180 runs,R Premadasa Stadium,2013
2013-07-23,ODI,South Africa,Sri Lanka,17 runs,R Premadasa Stadium,2013
2013-07-26,ODI,South Africa,Opponent,56 runs,Pallekele International Cricket Stadium,2013
2013-07-28,ODI,South Africa,Sri Lanka,8 wickets,Pallekele International Cricket Stadium,2013
2013-07-31,ODI,South Africa,Sri Lanka,128 runs,R Premadasa Stadium,2013
2013-07-31,T20,Pakistan,No Result,,YMCA Cricket Club,2013
2013-08-02,T20,South Africa,Opponent,12 runs,R Premadasa Stadium,2013
2013-08-04,T20,South Africa,Opponent,22 runs,"Mahinda Rajapaksa International Cricket Stadium, Sooriyawewa",2013
2013-08-06,T20,South Africa,Sri Lanka,6 wickets,"Mahinda Rajapaksa International Cricket Stadium, Sooriyawewa",2013
2013-10-26,ODI,South Africa,Opponent,67 runs,Senwes Park,2013
2013-10-28,ODI,South Africa,No Result,,Senwes Park,2013
2013-10-31,T20,South Africa,Opponent,7 wickets,Senwes Park,2013
2013-11-02,T20,South Africa,Sri Lanka,20 runs,Senwes Park,2013
2013-11-04,T20,South Africa,Opponent,5 wickets,Senwes Park,2013
2013-11-10,ODI,New Zealand,No Result,,"Mahinda Rajapaksa International Cricket Stadium, Sooriyawewa",2013
2013-11-12,ODI,New Zealand,Opponent,4 wickets,"Mahinda Rajapaksa International Cricket Stadium, Sooriyawewa",2013
2013-11-16,ODI,New Zealand,Sri Lanka,36 runs,Rangiri Dambulla International Stadium,2013
2013-11-21,T20,New Zealand,Sri Lanka,8 wickets,Pallekele International Cricket Stadium,2013
2013-12-11,T20,Pakistan,Opponent,3 wickets,Dubai International Cricket Stadium,2013
2013-12-13,T20,Pakistan,Sri Lanka,24 runs,Dubai International Cricket Stadium,2013
2013-12-18,ODI,Pakistan,Opponent,11 runs,Sharjah Cricket Stadium,2013
2013-12-20,ODI,Pakistan,Sri Lanka,2 wickets,Dubai International Cricket Stadium,2013
2013-12-22,ODI,Pakistan,Opponent,113 runs,Sharjah Cricket Stadium,2013
2013-12-25,ODI,Pakistan,Opponent,8 wickets,Sheikh Zayed Stadium,2013
2013-12-27,ODI,Pakistan,Sri Lanka,2 wickets,Sheikh Zayed Stadium,2013
2013-12-31,Test,Pakistan,Draw,,Sheikh Zayed Stadium,2013
2014-01-08,Test,Pakistan,Sri Lanka,9 wickets,Dubai International Cricket Stadium,2014
2014-01-16,Test,Pakistan,Opponent,5 wickets,Sharjah Cricket Stadium,2014
2014-01-27,Test,Bangladesh,Sri Lanka,248 runs,Shere Bangla National Stadium,2014
2014-02-04,Test,Bangladesh,Draw,,Zahur Ahmed Chowdhury Stadium,2014
2014-02-12,T20,Bangladesh,Sri Lanka,2 runs,Zahur Ahmed Chowdhury Stadium,2014
2014-02-14,T20,Bangladesh,Sri Lanka,3 wickets,Zahur Ahmed Chowdhury Stadium,2014
2014-02-17,ODI,Bangladesh,Sri Lanka,13 runs,Shere Bangla National Stadium,2014
2014-02-20,ODI,Bangladesh,Sri Lanka,61 runs,Shere Bangla National Stadium,2014
2014-02-22,ODI,Bangladesh,Sri Lanka,6 wickets,Shere Bangla National Stadium,2014
2014-02-25,ODI,Pakistan,Sri Lanka,12 runs,Khan Shaheb Osman Ali Stadium,2014
2014-02-28,ODI,India,Sri Lanka,2 wickets,Khan Shaheb Osman Ali Stadium,2014
2014-03-06,ODI,Bangladesh,Sri Lanka,3 wickets,Shere Bangla National Stadium,2014
2014-03-08,ODI,Pakistan,Sri Lanka,5 wickets,Shere Bangla National Stadium,2014
2014-03-22,T20,South Africa,Sri Lanka,5 runs,Zahur Ahmed Chowdhury Stadium,2014
2014-03-24,T20,India,Sri Lanka,22 runs,Sylhet Stadium,2014
2014-03-24,T20,Netherlands,Sri Lanka,9 wickets,Zahur Ahmed Chowdhury Stadium,2014
2014-03-27,T20,England,Opponent,6 wickets,Zahur Ahmed Chowdhury Stadium,2014
2014-03-28,T20,West Indies,Opponent,8 wickets,Sylhet Stadium,2014
2014-03-30,T20,England,Opponent,7 wickets,Sylhet Stadium,2014
2014-03-31,T20,New Zealand,Sri Lanka,59 runs,Zahur Ahmed Chowdhury Stadium,2014
2014-04-01,T20,Bangladesh,Opponent,3 runs,Sylhet Stadium,2014
2014-04-02,T20,New Zealand,Opponent,6 wickets,Sylhet Stadium,2014
2014-04-03,T20,West Indies,Sri Lanka,27 runs,Shere Bangla National Stadium,2014
2014-04-03,T20,Pakistan,Opponent,14 runs,Sylhet Stadium,2014
2014-04-06,T20,India,Sri Lanka,6 wickets,Shere Bangla National Stadium,2014
2014-05-06,ODI,Ireland,Sri Lanka,79 runs,"Clontarf Cricket Club Ground, Dublin",2014
2014-05-20,T20,England,Sri Lanka,9 runs,Kennington Oval,2014
2014-05-22,ODI,England,Opponent,81 runs,Kennington Oval,2014
2014-05-25,ODI,England,Sri Lanka,157 runs,Riverside Ground,2014
2014-05-28,ODI,England,Opponent,10 wickets,Old Trafford,2014
2014-05-31,ODI,England,Sri Lanka,7 runs,Lord's,2014
2014-06-03,ODI,England,Sri Lanka,6 wickets,Edgbaston,2014
2014-06-12,Test,England,Draw,,Lord's,2014
2014-06-20,Test,England,Sri Lanka,100 runs,Headingley,2014
2014-07-06,ODI,South Africa,Opponent,75 runs,R Premadasa Stadium,2014
2014-07-09,ODI,South Africa,Sri Lanka,87 runs,Pallekele International Cricket Stadium,2014
2014-07-12,ODI,South Africa,Opponent,82 runs,"Mahinda Rajapaksa International Cricket Stadium, Sooriyawewa",2014
2014-07-16,Test,South Africa,Opponent,153 runs,Galle International Stadium,2014
2014-07-24,Test,South Africa,Draw,,Sinhalese Sports Club Ground,2014
2014-08-06,Test,Pakistan,Sri Lanka,7 wickets,Galle International Stadium,2014
2014-08-14,Test,Pakistan,Sri Lanka,105 runs,Sinhalese Sports Club Ground,2014
2014-08-23,ODI,Pakistan,Opponent,4 wickets,"Mahinda Rajapaksa International Cricket Stadium, Sooriyawewa",2014
2014-08-26,ODI,Pakistan,Sri Lanka,77 runs,"Mahinda Rajapaksa International Cricket Stadium, Sooriyawewa",2014
2014-08-30,ODI,Pakistan,Sri Lanka,7 wickets,Rangiri Dambulla International Stadium,2014
2014-10-17,ODI,South Africa,No Result,,Sinhalese Sports Club Ground,2014
2014-10-19,ODI,South Africa,Sri Lanka,4 wickets,Sinhalese Sports Club Ground,2014
2014-10-21,ODI,South Africa,Opponent,5 wickets,Sinhalese Sports Club Ground,2014
2014-10-23,T20,South Africa,Sri Lanka,7 runs,Colts Cricket Club Ground,2014
2014-10-25,T20,South Africa,Opponent,7 wickets,Colts Cricket Club Ground,2014
2014-10-26,T20,South Africa,Opponent,9 wickets,Mercantile Cricket Association Ground,2014
2014-11-02,ODI,India,Opponent,169 runs,Barabati Stadium,2014
2014-11-06,ODI,India,Opponent,6 wickets,"Sardar Patel Stadium, Motera",2014
2014-11-09,ODI,India,Opponent,6 wickets,"Rajiv Gandhi International Stadium, Uppal",2014
2014-11-13,ODI,India,Opponent,153 runs,Eden Gardens,2014
2014-11-16,ODI,India,Opponent,3 wickets,JSCA International Stadium Complex,2014
2014-11-26,ODI,England,Sri Lanka,25 runs,R Premadasa Stadium,2014
2014-11-29,ODI,England,Sri Lanka,8 wickets,R Premadasa Stadium,2014
2014-12-03,ODI,England,Opponent,5 wickets,"Mahinda Rajapaksa International Cricket Stadium, Sooriyawewa",2014
2014-12-07,ODI,England,Sri Lanka,6 wickets,R Premadasa Stadium,2014
2014-12-10,ODI,England,Opponent,5 wickets,Pallekele International Cricket Stadium,2014
2014-12-13,ODI,England,Sri Lanka,90 runs,Pallekele International Cricket Stadium,2014
2014-12-16,ODI,England,Sri Lanka,87 runs,R Premadasa Stadium,2014
2014-12-26,Test,New Zealand,Opponent,8 wickets,Hagley Oval,2014
2015-01-03,Test,New Zealand,Opponent,193 runs,Basin Reserve,2015
2015-01-11,ODI,New Zealand,Opponent,3 wickets,Hagley Oval,2015
2015-01-11,ODI,Pakistan,Opponent,12 runs,Sharjah Cricket Stadium,2015
2015-01-13,ODI,Pakistan,Opponent,7 wickets,Sharjah Cricket Stadium,2015
2015-01-15,ODI,New Zealand,Sri Lanka,6 wickets,Seddon Park,2015
2015-01-16,T20,Pakistan,Opponent,55 runs,Sharjah Cricket Stadium,2015
2015-01-17,T20,Pakistan,Sri Lanka,5 wickets,Sharjah Cricket Stadium,2015
2015-01-17,ODI,New Zealand,No Result,,Eden Park,2015
2015-01-20,ODI,New Zealand,Opponent,4 wickets,Saxton Oval,2015
2015-01-23,ODI,New Zealand,Opponent,108 runs,University Oval,2015
2015-01-25,ODI,New Zealand,Opponent,120 runs,University Oval,2015
2015-01-29,ODI,New Zealand,Sri Lanka,34 runs,Westpac Stadium,2015
2015-02-14,ODI,New Zealand,Opponent,98 runs,Hagley Oval,2015
2015-02-26,ODI,Bangladesh,Sri Lanka,92 runs,Melbourne Cricket Ground,2015
2015-03-01,ODI,England,Sri Lanka,9 wickets,Westpac Stadium,2015
2015-03-08,ODI,Australia,Opponent,64 runs,Sydney Cricket Ground,2015
2015-03-11,ODI,Scotland,Sri Lanka,148 runs,Bellerive Oval,2015
2015-03-18,ODI,South Africa,Opponent,9 wickets,Sydney Cricket Ground,2015
2015-05-23,T20,West Indies,Sri Lanka,5 runs,R Premadasa Stadium,2015
2015-05-25,T20,West Indies,Opponent,8 wickets,R Premadasa Stadium,2015
2015-05-26,T20,West Indies,Opponent,9 wickets,R Premadasa Stadium,2015
2015-06-17,Test,Pakistan,Opponent,10 wickets,Galle International Stadium,2015
2015-06-25,Test,Pakistan,Sri Lanka,7 wickets,P Sara Oval,2015
2015-07-03,Test,Pakistan,Opponent,7 wickets,Pallekele International Cricket Stadium,2015
2015-07-11,ODI,Pakistan,Opponent,6 wickets,Rangiri Dambulla International Stadium,2015
2015-07-15,ODI,Pakistan,Sri Lanka,2 wickets,Pallekele International Cricket Stadium,2015
2015-07-19,ODI,Pakistan,Opponent,135 runs,R Premadasa Stadium,2015
2015-07-22,ODI,Pakistan,Opponent,7 wickets,R Premadasa Stadium,2015
2015-07-26,ODI,Pakistan,Sri Lanka,165 runs,"Mahinda Rajapaksa International Cricket Stadium, Sooriyawewa",2015
2015-07-30,T20,Pakistan,Opponent,29 runs,R Premadasa Stadium,2015
2015-08-01,T20,Pakistan,Opponent,1 wickets,R Premadasa Stadium,2015
2015-08-12,Test,India,Sri Lanka,63 runs,Galle International Stadium,2015
2015-08-20,Test,India,Opponent,278 runs,P Sara Oval,2015
2015-08-28,Test,India,Opponent,117 runs,Sinhalese Sports Club Ground,2015
2015-10-14,Test,West Indies,Sri Lanka,6 runs,Galle International Stadium,2015
2015-10-22,Test,West Indies,Sri Lanka,72 runs,P Sara Oval,2015
2015-11-01,ODI,West Indies,Sri Lanka,1 wickets,R Premadasa Stadium,2015
2015-11-03,ODI,New Zealand,Opponent,96 runs,Bert Sutcliffe Oval,2015
2015-11-04,ODI,West Indies,Sri Lanka,8 wickets,R Premadasa Stadium,2015
2015-11-05,ODI,New Zealand,Opponent,10 wickets,Bert Sutcliffe Oval,2015
2015-11-07,ODI,West Indies,Sri Lanka,19 runs,Pallekele International Cricket Stadium,2015
2015-11-09,T20,West Indies,Sri Lanka,30 runs,Pallekele International Cricket Stadium,2015
2015-11-11,T20,West Indies,Opponent,23 runs,R Premadasa Stadium,2015
2015-12-10,Test,New Zealand,Opponent,122 runs,University Oval,2015
2015-12-18,Test,New Zealand,Opponent,5 wickets,Seddon Park,2015
2015-12-26,ODI,New Zealand,Opponent,7 wickets,Hagley Oval,2015
2015-12-28,ODI,New Zealand,Opponent,10 wickets,Hagley Oval,2015
2015-12-31,ODI,New Zealand,Sri Lanka,8 wickets,Saxton Oval,2015
2016-01-02,ODI,New Zealand,No Result,,Saxton Oval,2016
2016-01-05,ODI,New Zealand,Opponent,36 runs,Bay Oval,2016
2016-01-07,T20,New Zealand,Opponent,3 runs,Bay Oval,2016
2016-01-10,T20,New Zealand,Opponent,9 wickets,Eden Park,2016
2016-02-09,T20,India,Sri Lanka,5 wickets,Maharashtra Cricket Association Stadium,2016
2016-02-12,T20,India,Opponent,69 runs,JSCA International Stadium Complex,2016
2016-02-14,T20,India,Opponent,9 wickets,Dr. Y.S. Rajasekhara Reddy ACA-VDCA Cricket Stadium,2016
2016-02-25,T20,United Arab Emirates,Sri Lanka,14 runs,Shere Bangla National Stadium,2016
2016-02-28,T20,Bangladesh,Opponent,23 runs,Shere Bangla National Stadium,2016
2016-03-01,T20,India,Opponent,5 wickets,Shere Bangla National Stadium,2016
2016-03-04,T20,Pakistan,Opponent,6 wickets,Shere Bangla National Stadium,2016
2016-03-15,T20,New Zealand,Opponent,7 wickets,Feroz Shah Kotla,2016
2016-03-20,T20,Ireland,Sri Lanka,14 runs,"Punjab Cricket Association IS Bindra Stadium, Mohali",2016
2016-03-20,T20,West Indies,Opponent,7 wickets,M Chinnaswamy Stadium,2016
2016-03-24,T20,Australia,Opponent,9 wickets,Feroz Shah Kotla,2016
2016-03-26,T20,England,Opponent,10 runs,Feroz Shah Kotla,2016
2016-03-28,T20,South Africa,Opponent,8 wickets,Feroz Shah Kotla,2016
2016-03-28,T20,South Africa,Sri Lanka,10 runs,M Chinnaswamy Stadium,2016
2016-05-19,Test,England,Opponent,88 runs,Headingley,2016
2016-05-27,Test,England,Opponent,9 wickets,Riverside Ground,2016
2016-06-09,Test,England,Draw,,Lord's,2016
2016-06-18,ODI,Ireland,Sri Lanka,136 runs,"The Village, Malahide",2016
2016-06-21,ODI,England,Tie,,Trent Bridge,2016
2016-06-24,ODI,England,Opponent,10 wickets,Edgbaston,2016
2016-06-26,ODI,England,No Result,,County Ground,2016
2016-06-29,ODI,England,Opponent,6 wickets,Kennington Oval,2016
2016-07-02,ODI,England,Opponent,122 runs,Sophia Gardens,2016
2016-07-05,T20,England,Opponent,8 wickets,The Rose Bowl,2016
2016-07-26,Test,Australia,Sri Lanka,106 runs,Pallekele International Cricket Stadium,2016
2016-08-04,Test,Australia,Sri Lanka,229 runs,Galle International Stadium,2016
2016-08-13,Test,Australia,Sri Lanka,163 runs,Sinhalese Sports Club Ground,2016
2016-08-21,ODI,Australia,Opponent,3 wickets,R Premadasa Stadium,2016
2016-08-24,ODI,Australia,Sri Lanka,82 runs,R Premadasa Stadium,2016
2016-08-28,ODI,Australia,Opponent,2 wickets,Rangiri Dambulla International Stadium,2016
2016-08-31,ODI,Australia,Opponent,6 wickets,Rangiri Dambulla International Stadium,2016
2016-09-04,ODI,Australia,Opponent,5 wickets,Pallekele International Cricket Stadium,2016
2016-09-06,T20,Australia,Opponent,85 runs,Pallekele International Cricket Stadium,2016
2016-09-09,T20,Australia,Opponent,4 wickets,R Premadasa Stadium,2016
2016-09-18,ODI,Australia,Opponent,4 wickets,Rangiri Dambulla International Stadium,2016
2016-09-25,ODI,Australia,Opponent,137 runs,Khettarama Stadium,2016
2016-09-27,T20,Australia,Opponent,10 wickets,Sinhalese Sports Club Ground,2016
2016-10-29,Test,Zimbabwe,Sri Lanka,225 runs,Harare Sports Club,2016
2016-11-06,Test,Zimbabwe,Sri Lanka,257 runs,Harare Sports Club,2016
2016-11-09,ODI,England,Opponent,8 wickets,Sinhalese Sports Club Ground,2016
2016-11-14,ODI,Zimbabwe,Sri Lanka,8 wickets,Harare Sports Club,2016
2016-11-15,ODI,England,Opponent,5 wickets,R Premadasa Stadium,2016
2016-11-16,ODI,West Indies,Opponent,62 runs,Harare Sports Club,2016
2016-11-17,ODI,England,Opponent,162 runs,R Premadasa Stadium,2016
2016-11-21,ODI,Zimbabwe,No Result,,Queens Sports Club,2016
2016-11-23,ODI,West Indies,Sri Lanka,1 runs,Queens Sports Club,2016
2016-11-27,ODI,Zimbabwe,Sri Lanka,6 wickets,Queens Sports Club,2016
2016-12-26,Test,South Africa,Opponent,206 runs,St George's Park,2016
2017-01-02,Test,South Africa,Opponent,282 runs,Newlands,2017
2017-01-12,Test,South Africa,Opponent,118 runs,New Wanderers Stadium,2017
2017-01-20,T20,South Africa,Opponent,19 runs,SuperSport Park,2017
2017-01-22,T20,South Africa,Sri Lanka,3 wickets,New Wanderers Stadium,2017
2017-01-25,T20,South Africa,Sri Lanka,5 wickets,Newlands,2017
2017-01-28,ODI,South Africa,Opponent,8 wickets,St George's Park,2017
2017-02-01,ODI,South Africa,Opponent,121 runs,Kingsmead,2017
2017-02-04,ODI,South Africa,Opponent,7 wickets,New Wanderers Stadium,2017
2017-02-07,ODI,South Africa,Opponent,40 runs,Newlands,2017
2017-02-07,ODI,India,Opponent,114 runs,P Sara Oval,2017
2017-02-08,ODI,Ireland,Sri Lanka,146 runs,Nondescripts Cricket Club Ground,2017
2017-02-10,ODI,South Africa,Opponent,88 runs,SuperSport Park,2017
2017-02-15,ODI,Pakistan,Sri Lanka,5 wickets,Nondescripts Cricket Club Ground,2017
2017-02-17,ODI,South Africa,Opponent,9 wickets,P Sara Oval,2017
2017-02-17,T20,Australia,Sri Lanka,5 wickets,Melbourne Cricket Ground,2017
2017-02-19,ODI,Bangladesh,Sri Lanka,42 runs,Nondescripts Cricket Club Ground,2017
2017-02-19,T20,Australia,Sri Lanka,2 wickets,"Simonds Stadium, South Geelong",2017
2017-02-22,T20,Australia,Opponent,41 runs,Adelaide Oval,2017
2017-03-07,Test,Bangladesh,Sri Lanka,259 runs,Galle International Stadium,2017
2017-03-15,Test,Bangladesh,Opponent,4 wickets,P Sara Oval,2017
2017-03-25,ODI,Bangladesh,Opponent,90 runs,Rangiri Dambulla International Stadium,2017
2017-03-28,ODI,Bangladesh,No Result,,Rangiri Dambulla International Stadium,2017
2017-04-01,ODI,Bangladesh,Sri Lanka,70 runs,Sinhalese Sports Club Ground,2017
2017-04-04,T20,Bangladesh,Sri Lanka,6 wickets,R Premadasa Stadium,2017
2017-04-06,T20,Bangladesh,Opponent,45 runs,R Premadasa Stadium,2017
2017-06-03,ODI,South Africa,Opponent,96 runs,Kennington Oval,2017
2017-06-08,ODI,India,Sri Lanka,7 wickets,Kennington Oval,2017
2017-06-12,ODI,Pakistan,Opponent,3 wickets,Sophia Gardens,2017
2017-06-24,ODI,New Zealand,Opponent,9 wickets,County Ground,2017
2017-06-29,ODI,Australia,Opponent,8 wickets,County Ground,2017
2017-06-30,ODI,Zimbabwe,Opponent,6 wickets,Galle International Stadium,2017
2017-07-02,ODI,Zimbabwe,Sri Lanka,7 wickets,Galle International Stadium,2017
2017-07-02,ODI,England,Opponent,7 wickets,County Ground,2017
2017-07-05,ODI,India,Opponent,16 runs,County Ground,2017
2017-07-06,ODI,Zimbabwe,Sri Lanka,8 wickets,"Mahinda Rajapaksa International Cricket Stadium, Sooriyawewa",2017
2017-07-08,ODI,Zimbabwe,Opponent,4 wickets,"Mahinda Rajapaksa International Cricket Stadium, Sooriyawewa",2017
2017-07-09,ODI,West Indies,Opponent,47 runs,County Ground,2017
2017-07-10,ODI,Zimbabwe,Opponent,3 wickets,"Mahinda Rajapaksa International Cricket Stadium, Sooriyawewa",2017
2017-07-12,ODI,South Africa,Opponent,8 wickets,County Ground,2017
2017-07-14,Test,Zimbabwe,Sri Lanka,4 wickets,"R.Premadasa Stadium, Khettarama",2017
2017-07-15,ODI,Pakistan,Sri Lanka,15 runs,Grace Road,2017
2017-07-26,Test,India,Opponent,304 runs,Galle International Stadium,2017
2017-08-03,Test,India,Opponent,53 runs,Sinhalese Sports Club Ground,2017
2017-08-12,Test,India,Opponent,171 runs,Pallekele International Cricket Stadium,2017
2017-08-20,ODI,India,Opponent,9 wickets,Rangiri Dambulla International Stadium,2017
2017-08-24,ODI,India,Opponent,3 wickets,Pallekele International Cricket Stadium,2017
2017-08-27,ODI,India,Opponent,6 wickets,Pallekele International Cricket Stadium,2017
2017-08-31,ODI,India,Opponent,168 runs,"R.Premadasa Stadium, Khettarama",2017
2017-09-03,ODI,India,Opponent,6 wickets,"R.Premadasa Stadium, Khettarama",2017
2017-09-06,T20,India,Opponent,7 wickets,"R.Premadasa Stadium, Khettarama",2017
2017-09-28,Test,Pakistan,Sri Lanka,21 runs,Sheikh Zayed Stadium,2017
2017-10-06,Test,Pakistan,Sri Lanka,68 runs,Dubai International Cricket Stadium,2017
2017-10-13,ODI,Pakistan,Opponent,83 runs,Dubai International Cricket Stadium,2017
2017-10-16,ODI,Pakistan,Opponent,32 runs,Sheikh Zayed Stadium,2017
2017-10-18,ODI,Pakistan,Opponent,7 wickets,Sheikh Zayed Stadium,2017
2017-10-20,ODI,Pakistan,Opponent,7 wickets,Sharjah Cricket Stadium,2017
2017-10-21,T20,West Indies,Opponent,47 runs,Coolidge Cricket Ground,2017
2017-10-23,ODI,Pakistan,Opponent,9 wickets,Sharjah Cricket Stadium,2017
2017-10-26,T20,Pakistan,Opponent,7 wickets,Sheikh Zayed Stadium,2017
2017-10-27,T20,Pakistan,Opponent,2 wickets,Sheikh Zayed Stadium,2017
2017-10-29,T20,Pakistan,Opponent,36 runs,Gaddafi Stadium,2017
2017-11-16,Test,India,Draw,,Eden Gardens,2017
2017-11-24,Test,India,Opponent,239 runs,"Vidarbha Cricket Association Stadium, Jamtha",2017
2017-12-02,Test,India,Draw,,Arun Jaitley Stadium,2017
2017-12-10,ODI,India,Sri Lanka,7 wickets,Himachal Pradesh Cricket Association Stadium,2017
2017-12-13,ODI,India,Opponent,141 runs,"Punjab Cricket Association IS Bindra Stadium, Mohali",2017
2017-12-17,ODI,India,Opponent,8 wickets,Dr. Y.S. Rajasekhara Reddy ACA-VDCA Cricket Stadium,2017
2017-12-20,T20,India,Opponent,93 runs,Barabati Stadium,2017
2017-12-22,T20,India,Opponent,88 runs,Holkar Cricket Stadium,2017
2017-12-24,T20,India,Opponent,5 wickets,Wankhede Stadium,2017
2018-01-17,ODI,Zimbabwe,Opponent,12 runs,"Shere Bangla National Stadium, Mirpur",2018
2018-01-19,ODI,Bangladesh,Opponent,163 runs,"Shere Bangla National Stadium, Mirpur",2018
2018-01-21,ODI,Zimbabwe,Sri Lanka,5 wickets,"Shere Bangla National Stadium, Mirpur",2018
2018-01-25,ODI,Bangladesh,Sri Lanka,10 wickets,"Shere Bangla National Stadium, Mirpur",2018
2018-01-27,ODI,Bangladesh,Sri Lanka,79 runs,"Shere Bangla National Stadium, Mirpur",2018
2018-01-31,Test,Bangladesh,Draw,,Zahur Ahmed Chowdhury Stadium,2018
2018-02-08,Test,Bangladesh,Sri Lanka,215 runs,"Shere Bangla National Stadium, Mirpur",2018
2018-02-15,T20,Bangladesh,Sri Lanka,6 wickets,"Shere Bangla National Stadium, Mirpur",2018
2018-02-18,T20,Bangladesh,Sri Lanka,75 runs,Sylhet International Cricket Stadium,2018
2018-03-06,T20,India,Sri Lanka,5 wickets,"R.Premadasa Stadium, Khettarama",2018
2018-03-10,T20,Bangladesh,Opponent,5 wickets,"R.Premadasa Stadium, Khettarama",2018
2018-03-12,T20,India,Opponent,6 wickets,"R.Premadasa Stadium, Khettarama",2018
2018-03-16,T20,Bangladesh,Opponent,2 wickets,"R.Premadasa Stadium, Khettarama",2018
2018-03-22,ODI,Pakistan,Opponent,94 runs,Rangiri Dambulla International Stadium,2018
2018-03-24,ODI,Pakistan,Opponent,108 runs,Rangiri Dambulla International Stadium,2018
2018-03-28,T20,Pakistan,Opponent,1 wickets,Sinhalese Sports Club Ground,2018
2018-03-30,T20,Pakistan,Sri Lanka,7 wickets,Nondescripts Cricket Club Ground,2018
2018-06-04,T20,Malaysia,Sri Lanka,90 runs,Royal Selangor Club,2018
2018-06-06,Test,West Indies,Opponent,226 runs,"Queen's Park Oval, Port of Spain",2018
2018-06-06,T20,Pakistan,Opponent,23 runs,Kinrara Academy Oval,2018
2018-06-07,T20,India,Opponent,7 wickets,Royal Selangor Club,2018
2018-06-09,T20,Thailand,Opponent,4 wickets,Royal Selangor Club,2018
2018-06-14,Test,West Indies,Draw,,"Daren Sammy National Cricket Stadium, Gros Islet",2018
2018-06-23,Test,West Indies,Sri Lanka,4 wickets,"Kensington Oval, Bridgetown",2018
2018-07-12,Test,South Africa,Sri Lanka,278 runs,Galle International Stadium,2018
2018-07-20,Test,South Africa,Sri Lanka,199 runs,Sinhalese Sports Club Ground,2018
2018-07-29,ODI,South Africa,Opponent,5 wickets,Rangiri Dambulla International Stadium,2018
2018-08-01,ODI,South Africa,Opponent,4 wickets,Rangiri Dambulla International Stadium,2018
2018-08-05,ODI,South Africa,Opponent,78 runs,Pallekele International Cricket Stadium,2018
2018-08-08,ODI,South Africa,Sri Lanka,3 runs,Pallekele International Cricket Stadium,2018
2018-08-12,ODI,South Africa,Sri Lanka,178 runs,"R.Premadasa Stadium, Khettarama",2018
2018-08-14,T20,South Africa,Sri Lanka,3 wickets,"R.Premadasa Stadium, Khettarama",2018
2018-09-11,ODI,India,Opponent,9 wickets,Galle International Stadium,2018
2018-09-13,ODI,India,Opponent,7 runs,Galle International Stadium,2018
2018-09-15,ODI,Bangladesh,Opponent,137 runs,Dubai International Cricket Stadium,2018
2018-09-16,ODI,India,Sri Lanka,3 wickets,Chilaw Marians Cricket Club Ground,2018
2018-09-21,T20,India,No Result,,Colts Cricket Club Ground,2018
2018-09-22,T20,India,Opponent,5 wickets,Colombo Cricket Club Ground,2018
2018-09-24,T20,India,Opponent,7 wickets,Colombo Cricket Club Ground,2018
2018-09-25,T20,India,Opponent,51 runs,Chilaw Marians Cricket Club Ground,2018
2018-10-10,ODI,England,No Result,,Rangiri Dambulla International Stadium,2018
2018-10-13,ODI,England,Opponent,31 runs,Rangiri Dambulla International Stadium,2018
2018-10-17,ODI,England,Opponent,7 wickets,Pallekele International Cricket Stadium,2018
2018-10-20,ODI,England,Opponent,18 runs,Pallekele International Cricket Stadium,2018
2018-10-23,ODI,England,Sri Lanka,219 runs,"R.Premadasa Stadium, Khettarama",2018
2018-10-27,T20,England,Opponent,30 runs,"R.Premadasa Stadium, Khettarama",2018
2018-11-06,Test,England,Opponent,211 runs,Galle International Stadium,2018
2018-11-12,T20,South Africa,Opponent,7 wickets,"Daren Sammy National Cricket Stadium, Gros Islet",2018
2018-11-14,Test,England,Opponent,57 runs,Pallekele International Cricket Stadium,2018
2018-11-14,T20,Bangladesh,Sri Lanka,25 runs,"Daren Sammy National Cricket Stadium, Gros Islet",2018
2018-11-16,T20,West Indies,Opponent,83 runs,"Daren Sammy National Cricket Stadium, Gros Islet",2018
2018-11-23,Test,England,Opponent,42 runs,Sinhalese Sports Club Ground,2018
2018-12-15,Test,New Zealand,Draw,,"Basin Reserve, Wellington",2018
2018-12-26,Test,New Zealand,Opponent,423 runs,Hagley Oval,2018
2019-01-03,ODI,New Zealand,Opponent,45 runs,Bay Oval,2019
2019-01-05,ODI,New Zealand,Opponent,21 runs,Bay Oval,2019
2019-01-08,ODI,New Zealand,Opponent,115 runs,Saxton Oval,2019
2019-01-11,T20,New Zealand,Opponent,35 runs,Eden Park,2019
2019-01-24,Test,Australia,Opponent,40 runs,"Brisbane Cricket Ground, Woolloongabba",2019
2019-02-01,T20,South Africa,Opponent,7 wickets,Newlands,2019
2019-02-01,Test,Australia,Opponent,366 runs,Manuka Oval,2019
2019-02-06,T20,South Africa,Opponent,39 runs,SuperSport Park,2019
2019-02-11,ODI,South Africa,Opponent,7 runs,Senwes Park,2019
2019-02-13,Test,South Africa,Sri Lanka,1 wickets,Kingsmead,2019
2019-02-14,ODI,South Africa,Opponent,30 runs,Senwes Park,2019
2019-02-17,ODI,South Africa,Opponent,6 wickets,Senwes Park,2019
2019-02-21,Test,South Africa,Sri Lanka,8 wickets,St George's Park,2019
2019-03-03,ODI,South Africa,Opponent,8 wickets,The Wanderers Stadium,2019
2019-03-06,ODI,South Africa,Opponent,113 runs,SuperSport Park,2019
2019-03-10,ODI,South Africa,Opponent,71 runs,Kingsmead,2019
2019-03-13,ODI,South Africa,Opponent,6 wickets,St George's Park,2019
2019-03-16,ODI,South Africa,Opponent,41 runs,Newlands,2019
2019-03-16,ODI,England,Opponent,154 runs,"Mahinda Rajapaksa International Cricket Stadium, Sooriyawewa",2019
2019-03-18,ODI,England,Opponent,6 wickets,"Mahinda Rajapaksa International Cricket Stadium, Sooriyawewa",2019
2019-03-19,T20,South Africa,Tie,,Newlands,2019
2019-03-21,ODI,England,Opponent,8 wickets,FTZ Sports Complex (BOI),2019
2019-03-22,T20,South Africa,Opponent,16 runs,SuperSport Park,2019
2019-03-24,T20,South Africa,Opponent,45 runs,The Wanderers Stadium,2019
2019-03-24,T20,England,Opponent,8 wickets,P Sara Oval,2019
2019-03-26,T20,England,Opponent,8 wickets,P Sara Oval,2019
2019-03-28,T20,England,Opponent,96 runs,P Sara Oval,2019
2019-05-21,ODI,Scotland,Sri Lanka,35 runs,"Grange Cricket Club, Raeburn Place",2019
2019-06-01,ODI,New Zealand,Opponent,10 wickets,Sophia Gardens,2019
2019-06-15,ODI,Australia,Opponent,87 runs,Kennington Oval,2019
2019-06-21,ODI,England,Sri Lanka,20 runs,Headingley,2019
2019-06-28,ODI,South Africa,Opponent,9 wickets,Riverside Ground,2019
2019-07-01,ODI,West Indies,Sri Lanka,23 runs,Riverside Ground,2019
2019-07-06,ODI,India,Opponent,7 wickets,Headingley,2019
2019-07-26,ODI,Bangladesh,Sri Lanka,91 runs,"R.Premadasa Stadium, Khettarama",2019
2019-07-28,ODI,Bangladesh,Sri Lanka,7 wickets,"R.Premadasa Stadium, Khettarama",2019
2019-07-31,ODI,Bangladesh,Sri Lanka,122 runs,"R.Premadasa Stadium, Khettarama",2019
2019-08-14,Test,New Zealand,Sri Lanka,6 wickets,Galle International Stadium,2019
2019-08-22,Test,New Zealand,Opponent,65 runs,P Sara Oval,2019
2019-09-01,T20,New Zealand,Opponent,5 wickets,Pallekele International Cricket Stadium,2019
2019-09-03,T20,New Zealand,Opponent,4 wickets,Pallekele International Cricket Stadium,2019
2019-09-06,T20,New Zealand,Sri Lanka,37 runs,Pallekele International Cricket Stadium,2019
2019-09-29,T20,Australia,Opponent,41 runs,North Sydney Oval,2019
2019-09-30,ODI,Pakistan,Opponent,67 runs,National Stadium,2019
2019-09-30,T20,Australia,Opponent,9 wickets,North Sydney Oval,2019
2019-10-02,ODI,Pakistan,Opponent,5 wickets,National Stadium,2019
2019-10-02,T20,Australia,Opponent,132 runs,North Sydney Oval,2019
2019-10-05,T20,Pakistan,Sri Lanka,64 runs,Gaddafi Stadium,2019
2019-10-05,ODI,Australia,Opponent,157 runs,Allan Border Field,2019
2019-10-07,T20,Pakistan,Sri Lanka,35 runs,Gaddafi Stadium,2019
2019-10-07,ODI,Australia,Opponent,110 runs,Allan Border Field,2019
2019-10-09,ODI,Australia,Opponent,9 wickets,Allan Border Field,2019
2019-10-09,T20,Pakistan,Sri Lanka,13 runs,Gaddafi Stadium,2019
2019-10-27,T20,Australia,Opponent,134 runs,Adelaide Oval,2019
2019-10-30,T20,Australia,Opponent,9 wickets,"Brisbane Cricket Ground, Woolloongabba",2019
2019-11-01,T20,Australia,Opponent,7 wickets,Melbourne Cricket Ground,2019
2019-12-11,Test,Pakistan,Draw,,Rawalpindi Cricket Stadium,2019
2019-12-19,Test,Pakistan,Opponent,263 runs,National Stadium,2019
2020-01-07,T20,India,Opponent,7 wickets,Holkar Cricket Stadium,2020
2020-01-10,T20,India,Opponent,78 runs,Maharashtra Cricket Association Stadium,2020
2020-01-19,Test,Zimbabwe,Sri Lanka,10 wickets,Harare Sports Club,2020
2020-01-27,Test,Zimbabwe,Draw,,Harare Sports Club,2020
2020-02-22,ODI,West Indies,Sri Lanka,1 wickets,Sinhalese Sports Club Ground,2020
2020-02-22,T20,New Zealand,Opponent,7 wickets,W.A.C.A. Ground,2020
2020-02-24,T20,Australia,Opponent,5 wickets,W.A.C.A. Ground,2020
2020-02-26,ODI,West Indies,Sri Lanka,161 runs,"Mahinda Rajapaksa International Cricket Stadium, Sooriyawewa",2020
2020-02-29,T20,India,Opponent,7 wickets,Junction Oval,2020
2020-03-01,ODI,West Indies,Sri Lanka,6 runs,Pallekele International Cricket Stadium,2020
2020-03-02,T20,Bangladesh,Sri Lanka,9 wickets,Junction Oval,2020
2020-03-04,T20,West Indies,Opponent,25 runs,Pallekele International Cricket Stadium,2020
2020-03-06,T20,West Indies,Opponent,7 wickets,Pallekele International Cricket Stadium,2020
2020-12-26,Test,South Africa,Opponent,45 runs,SuperSport Park,2020
2021-01-03,Test,South Africa,Opponent,10 wickets,The Wanderers Stadium,2021
2021-01-14,Test,England,Opponent,7 wickets,Galle International Stadium,2021
2021-01-22,Test,England,Opponent,6 wickets,Galle International Stadium,2021
2021-03-03,T20,West Indies,Opponent,4 wickets,"Coolidge Cricket Ground, Antigua",2021
2021-03-05,T20,West Indies,Sri Lanka,43 runs,"Coolidge Cricket Ground, Antigua",2021
2021-03-07,T20,West Indies,Opponent,3 wickets,"Coolidge Cricket Ground, Antigua",2021
2021-03-10,ODI,West Indies,Opponent,8 wickets,Sir Vivian Richards Stadium,2021
2021-03-12,ODI,West Indies,Opponent,5 wickets,Sir Vivian Richards Stadium,2021
2021-03-14,ODI,West Indies,Opponent,5 wickets,Sir Vivian Richards Stadium,2021
2021-03-21,Test,West Indies,Draw,,Sir Vivian Richards Stadium,2021
2021-03-29,Test,West Indies,Draw,,Sir Vivian Richards Stadium,2021
2021-04-21,Test,Bangladesh,Draw,,Pallekele International Cricket Stadium,2021
2021-04-29,Test,Bangladesh,Sri Lanka,209 runs,Pallekele International Cricket Stadium,2021
2021-05-23,ODI,Bangladesh,Opponent,33 runs,"Shere Bangla National Stadium, Mirpur",2021
2021-05-25,ODI,Bangladesh,Opponent,103 runs,Sher-e-Bangla National Cricket Stadium,2021
2021-05-28,ODI,Bangladesh,Sri Lanka,97 runs,"Shere Bangla National Stadium, Mirpur",2021
2021-06-23,T20,England,Opponent,8 wickets,"Sophia Gardens, Cardiff",2021
2021-06-24,T20,England,Opponent,5 wickets,"Sophia Gardens, Cardiff",2021
2021-06-26,T20,England,Opponent,89 runs,"The Rose Bowl, Southampton",2021
2021-06-29,ODI,England,Opponent,5 wickets,"Riverside Ground, Chester-le-Street",2021
2021-07-01,ODI,England,Opponent,8 wickets,"Kennington Oval, London",2021
2021-07-04,ODI,England,No Result,,"County Ground, Bristol",2021
2021-07-18,ODI,India,Opponent,7 wickets,"R Premadasa Stadium, Colombo",2021
2021-07-20,ODI,India,Opponent,3 wickets,"R Premadasa Stadium, Colombo",2021
2021-07-23,ODI,India,Sri Lanka,3 wickets,"R Premadasa Stadium, Colombo",2021
2021-07-25,T20,India,Opponent,38 runs,"R Premadasa Stadium, Colombo",2021
2021-07-28,T20,India,Sri Lanka,4 wickets,"R Premadasa Stadium, Colombo",2021
2021-07-29,T20,India,Sri Lanka,7 wickets,"R Premadasa Stadium, Colombo",2021
2021-09-02,ODI,South Africa,Sri Lanka,14 runs,"R Premadasa Stadium, Colombo",2021
2021-09-04,ODI,South Africa,Opponent,67 runs,"R Premadasa Stadium, Colombo",2021
2021-09-07,ODI,South Africa,Sri Lanka,78 runs,"R Premadasa Stadium, Colombo",2021
2021-09-10,T20,South Africa,Opponent,28 runs,"R Premadasa Stadium, Colombo",2021
2021-09-12,T20,South Africa,Opponent,9 wickets,"R Premadasa Stadium, Colombo",2021
2021-09-14,T20,South Africa,Opponent,10 wickets,"R Premadasa Stadium, Colombo",2021
2021-10-18,T20,Namibia,Sri Lanka,7 wickets,"Zayed Cricket Stadium, Abu Dhabi",2021
2021-10-20,T20,Ireland,Sri Lanka,70 runs,"Zayed Cricket Stadium, Abu Dhabi",2021
2021-10-22,T20,Netherlands,Sri Lanka,8 wickets,Sharjah Cricket Stadium,2021
2021-10-24,T20,Bangladesh,Sri Lanka,5 wickets,Sharjah Cricket Stadium,2021
2021-10-28,T20,Australia,Opponent,7 wickets,Dubai International Cricket Stadium,2021
2021-10-30,T20,South Africa,Opponent,4 wickets,Sharjah Cricket Stadium,2021
2021-11-01,T20,England,Opponent,26 runs,Sharjah Cricket Stadium,2021
2021-11-04,T20,West Indies,Sri Lanka,20 runs,"Zayed Cricket Stadium, Abu Dhabi",2021
2021-11-21,Test,West Indies,Sri Lanka,187 runs,Galle International Stadium,2021
2021-11-29,Test,West Indies,Sri Lanka,164 runs,Galle International Stadium,2021
2022-01-16,ODI,Zimbabwe,Sri Lanka,5 wickets,Pallekele International Cricket Stadium,2022
2022-01-18,ODI,Zimbabwe,Opponent,22 runs,Pallekele International Cricket Stadium,2022
2022-01-18,T20,Scotland,Sri Lanka,109 runs,"Kinrara Academy Oval, Kuala Lumpur",2022
2022-01-20,T20,Kenya,Sri Lanka,9 wickets,"Kinrara Academy Oval, Kuala Lumpur",2022
2022-01-21,ODI,Zimbabwe,Sri Lanka,184 runs,Pallekele International Cricket Stadium,2022
2022-01-22,T20,Malaysia,Sri Lanka,93 runs,"Kinrara Academy Oval, Kuala Lumpur",2022
2022-01-24,T20,Bangladesh,Sri Lanka,22 runs,"Kinrara Academy Oval, Kuala Lumpur",2022
2022-02-11,T20,Australia,Opponent,20 runs,Sydney Cricket Ground,2022
2022-02-13,T20,Australia,Tie,,Sydney Cricket Ground,2022
2022-02-15,T20,Australia,Opponent,6 wickets,"Manuka Oval, Canberra",2022
2022-02-18,T20,Australia,Opponent,6 wickets,Melbourne Cricket Ground,2022
2022-02-20,T20,Australia,Sri Lanka,5 wickets,Melbourne Cricket Ground,2022
2022-02-24,T20,India,Opponent,62 runs,"Bharat Ratna Shri Atal Bihari Vajpayee Ekana Cricket Stadium, Lucknow",2022
2022-02-26,T20,India,Opponent,7 wickets,"Himachal Pradesh Cricket Association Stadium, Dharamsala",2022
2022-02-27,T20,India,Opponent,6 wickets,"Himachal Pradesh Cricket Association Stadium, Dharamsala",2022
2022-03-04,Test,India,Opponent,222 runs,"Punjab Cricket Association IS Bindra Stadium, Mohali, Chandigarh",2022
2022-03-12,Test,India,Opponent,238 runs,"M Chinnaswamy Stadium, Bengaluru",2022
2022-05-15,Test,Bangladesh,Draw,,"Zahur Ahmed Chowdhury Stadium, Chattogram",2022
2022-05-23,Test,Bangladesh,Sri Lanka,10 wickets,"Shere Bangla National Stadium, Mirpur",2022
2022-05-24,T20,Pakistan,Opponent,6 wickets,"Southend Club Cricket Stadium, Karachi",2022
2022-05-26,T20,Pakistan,Opponent,7 wickets,"Southend Club Cricket Stadium, Karachi",2022
2022-05-28,T20,Pakistan,Opponent,4 wickets,"Southend Club Cricket Stadium, Karachi",2022
2022-06-01,ODI,Pakistan,Opponent,8 wickets,"Southend Club Cricket Stadium, Karachi",2022
2022-06-03,ODI,Pakistan,Opponent,73 runs,"Southend Club Cricket Stadium, Karachi",2022
2022-06-05,ODI,Pakistan,Sri Lanka,93 runs,"Southend Club Cricket Stadium, Karachi",2022
2022-06-07,T20,Australia,Opponent,10 wickets,"R Premadasa Stadium, Colombo",2022
2022-06-08,T20,Australia,Opponent,3 wickets,"R Premadasa Stadium, Colombo",2022
2022-06-11,T20,Australia,Sri Lanka,4 wickets,Pallekele International Cricket Stadium,2022
2022-06-14,ODI,Australia,Opponent,2 wickets,Pallekele International Cricket Stadium,2022
2022-06-16,ODI,Australia,Sri Lanka,26 runs,Pallekele International Cricket Stadium,2022
2022-06-19,ODI,Australia,Sri Lanka,6 wickets,"R Premadasa Stadium, Colombo",2022
2022-06-21,ODI,Australia,Sri Lanka,4 runs,"R Premadasa Stadium, Colombo",2022
2022-06-23,T20,India,Opponent,34 runs,Rangiri Dambulla International Stadium,2022
2022-06-24,ODI,Australia,Opponent,4 wickets,"R Premadasa Stadium, Colombo",2022
2022-06-25,T20,India,Opponent,5 wickets,Rangiri Dambulla International Stadium,2022
2022-06-27,T20,India,Sri Lanka,7 wickets,Rangiri Dambulla International Stadium,2022
2022-06-29,Test,Australia,Opponent,10 wickets,Galle International Stadium,2022
2022-07-01,ODI,India,Opponent,4 wickets,Pallekele International Cricket Stadium,2022
2022-07-04,ODI,India,Opponent,10 wickets,Pallekele International Cricket Stadium,2022
2022-07-07,ODI,India,Opponent,39 runs,Pallekele International Cricket Stadium,2022
2022-07-08,Test,Australia,Sri Lanka,39 runs,Galle International Stadium,2022
2022-07-16,Test,Pakistan,Opponent,4 wickets,Galle International Stadium,2022
2022-07-24,Test,Pakistan,Sri Lanka,246 runs,Galle International Stadium,2022
2022-07-30,T20,England,Opponent,5 wickets,"Edgbaston, Birmingham",2022
2022-08-02,T20,New Zealand,Opponent,45 runs,"Edgbaston, Birmingham",2022
2022-08-04,T20,South Africa,Opponent,10 wickets,"Edgbaston, Birmingham",2022
2022-09-01,T20,Bangladesh,Sri Lanka,2 wickets,Dubai International Cricket Stadium,2022
2022-09-06,T20,India,Sri Lanka,6 wickets,Dubai International Cricket Stadium,2022
2022-09-09,T20,Pakistan,Sri Lanka,5 wickets,Dubai International Cricket Stadium,2022
2022-09-11,T20,Pakistan,Sri Lanka,23 runs,Dubai International Cricket Stadium,2022
2022-10-01,T20,India,Opponent,41 runs,"Sylhet International Cricket Stadium, Academy Ground",2022
2022-10-02,T20,United Arab Emirates,Sri Lanka,11 runs,"Sylhet International Cricket Stadium, Academy Ground",2022
2022-10-04,T20,Thailand,Sri Lanka,49 runs,"Sylhet International Cricket Stadium, Academy Ground",2022
2022-10-08,T20,Malaysia,Sri Lanka,72 runs,Sylhet International Cricket Stadium,2022
2022-10-10,T20,Bangladesh,Sri Lanka,3 runs,Sylhet International Cricket Stadium,2022
2022-10-11,T20,Pakistan,Opponent,5 wickets,Sylhet International Cricket Stadium,2022
2022-10-13,T20,Pakistan,Sri Lanka,1 runs,Sylhet International Cricket Stadium,2022
2022-10-15,T20,India,Opponent,8 wickets,Sylhet International Cricket Stadium,2022
2022-10-16,T20,Namibia,Opponent,55 runs,"GMHBA Stadium, South Geelong, Victoria",2022
2022-10-18,T20,United Arab Emirates,Sri Lanka,79 runs,"GMHBA Stadium, South Geelong, Victoria",2022
2022-10-20,T20,Netherlands,Sri Lanka,16 runs,"GMHBA Stadium, South Geelong, Victoria",2022
2022-10-23,T20,Ireland,Sri Lanka,9 wickets,"Bellerive Oval, Hobart",2022
2022-10-25,T20,Australia,Opponent,7 wickets,Perth Stadium,2022
2022-10-29,T20,New Zealand,Opponent,65 runs,Sydney Cricket Ground,2022
2022-11-05,T20,England,Opponent,4 wickets,Sydney Cricket Ground,2022
2023-01-03,T20,India,Opponent,2 runs,"Wankhede Stadium, Mumbai",2023
2023-01-05,T20,India,Sri Lanka,16 runs,"Maharashtra Cricket Association Stadium, Pune",2023
2023-01-07,T20,India,Opponent,91 runs,"Saurashtra Cricket Association Stadium, Rajkot",2023
2023-01-10,ODI,India,Opponent,67 runs,"Barsapara Cricket Stadium, Guwahati",2023
2023-01-12,ODI,India,Opponent,4 wickets,"Eden Gardens, Kolkata",2023
2023-01-15,ODI,India,Opponent,317 runs,"Greenfield International Stadium, Thiruvananthapuram",2023
2023-02-10,T20,South Africa,Sri Lanka,3 runs,"Newlands, Cape Town",2023
2023-02-12,T20,Bangladesh,Sri Lanka,7 wickets,"Newlands, Cape Town",2023
2023-02-16,T20,Australia,Opponent,10 wickets,"St George's Park, Gqeberha",2023
2023-02-19,T20,New Zealand,Opponent,102 runs,"Boland Park, Paarl",2023
2023-03-09,Test,New Zealand,Opponent,2 wickets,"Hagley Oval, Christchurch",2023
2023-03-17,Test,New Zealand,Opponent,58 runs,"Basin Reserve, Wellington",2023
2023-03-25,ODI,New Zealand,Opponent,198 runs,"Eden Park, Auckland",2023
2023-03-31,ODI,New Zealand,Opponent,6 wickets,"Seddon Park, Hamilton",2023
2023-04-02,T20,New Zealand,Tie,,"Eden Park, Auckland",2023
2023-04-05,T20,New Zealand,Opponent,9 wickets,"University Oval, Dunedin",2023
2023-04-08,T20,New Zealand,Opponent,4 wickets,"John Davies Oval, Queenstown",2023
2023-04-16,Test,Ireland,Sri Lanka,280 runs,Galle International Stadium,2023
2023-04-24,Test,Ireland,Sri Lanka,10 runs,Galle International Stadium,2023
2023-04-29,ODI,Bangladesh,No Result,,"P Sara Oval, Colombo",2023
2023-05-04,ODI,Bangladesh,Sri Lanka,58 runs,"Sinhalese Sports Club Ground, Colombo",2023
2023-05-09,T20,Bangladesh,Opponent,6 wickets,"Sinhalese Sports Club Ground, Colombo",2023
2023-05-11,T20,Bangladesh,Sri Lanka,7 wickets,"Sinhalese Sports Club Ground, Colombo",2023
2023-05-12,T20,Bangladesh,Sri Lanka,44 runs,"Sinhalese Sports Club Ground, Colombo",2023
2023-06-19,ODI,United Arab Emirates,Sri Lanka,175 runs,"Queens Sports Club, Bulawayo",2023
2023-06-23,ODI,Oman,Sri Lanka,10 wickets,"Queens Sports Club, Bulawayo",2023
2023-06-25,ODI,Ireland,Sri Lanka,133 runs,"Queens Sports Club, Bulawayo",2023
2023-06-27,ODI,New Zealand,Sri Lanka,9 wickets,Galle International Stadium,2023
2023-06-27,ODI,Scotland,Sri Lanka,82 runs,"Queens Sports Club, Bulawayo",2023
2023-06-30,ODI,Netherlands,Sri Lanka,21 runs,"Queens Sports Club, Bulawayo",2023
2023-06-30,ODI,New Zealand,Opponent,116 runs,Galle International Stadium,2023
2023-07-02,ODI,Zimbabwe,Sri Lanka,9 wickets,"Queens Sports Club, Bulawayo",2023
2023-07-03,ODI,New Zealand,Sri Lanka,8 wickets,Galle International Stadium,2023
2023-07-07,ODI,West Indies,Sri Lanka,8 wickets,Harare Sports Club,2023
2023-07-08,T20,New Zealand,Opponent,5 wickets,"P Sara Oval, Colombo",2023
2023-07-09,ODI,Netherlands,Sri Lanka,128 runs,Harare Sports Club,2023
2023-07-10,T20,New Zealand,Opponent,8 wickets,"P Sara Oval, Colombo",2023
2023-07-12,T20,New Zealand,Sri Lanka,10 wickets,"P Sara Oval, Colombo",2023
2023-07-16,Test,Pakistan,Opponent,4 wickets,Galle International Stadium,2023
2023-07-24,Test,Pakistan,Opponent,222 runs,"Sinhalese Sports Club Ground, Colombo",2023
2023-08-31,T20,England,Opponent,12 runs,"County Ground, Hove",2023
2023-08-31,ODI,Bangladesh,Sri Lanka,5 wickets,Pallekele International Cricket Stadium,2023
2023-09-02,T20,England,Sri Lanka,8 wickets,"County Ground, Chelmsford",2023
2023-09-06,T20,England,Sri Lanka,7 wickets,"County Ground, Derby",2023
2023-09-09,ODI,Bangladesh,Sri Lanka,21 runs,"R Premadasa Stadium, Colombo",2023
2023-09-09,ODI,England,Opponent,7 wickets,"Riverside Ground, Chester-le-Street",2023
2023-09-12,ODI,England,No Result,,"County Ground, Northampton",2023
2023-09-12,ODI,India,Opponent,41 runs,"R Premadasa Stadium, Colombo",2023
2023-09-14,ODI,England,Opponent,161 runs,"Grace Road, Leicester",2023
2023-09-14,ODI,Pakistan,Sri Lanka,2 wickets,"R Premadasa Stadium, Colombo",2023
2023-09-17,ODI,India,Opponent,10 wickets,"R Premadasa Stadium, Colombo",2023
2023-09-22,T20,Thailand,Sri Lanka,8 wickets,Zhejiang University of Technology Cricket Field,2023
2023-09-24,T20,Pakistan,Sri Lanka,6 wickets,Zhejiang University of Technology Cricket Field,2023
2023-09-25,T20,India,Opponent,19 runs,Zhejiang University of Technology Cricket Field,2023
2023-10-07,ODI,South Africa,Opponent,102 runs,"Arun Jaitley Stadium, Delhi",2023
2023-10-10,ODI,Pakistan,Opponent,6 wickets,"Rajiv Gandhi International Stadium, Uppal, Hyderabad",2023
2023-10-16,ODI,Australia,Opponent,5 wickets,"Bharat Ratna Shri Atal Bihari Vajpayee Ekana Cricket Stadium, Lucknow",2023
2023-10-21,ODI,Netherlands,Sri Lanka,5 wickets,"Bharat Ratna Shri Atal Bihari Vajpayee Ekana Cricket Stadium, Lucknow",2023
2023-10-26,ODI,England,Sri Lanka,8 wickets,"M Chinnaswamy Stadium, Bengaluru",2023
2023-11-02,ODI,India,Opponent,302 runs,"Wankhede Stadium, Mumbai",2023
2023-11-06,ODI,Bangladesh,Opponent,3 wickets,"Arun Jaitley Stadium, Delhi",2023
2023-11-09,ODI,New Zealand,Opponent,5 wickets,"M Chinnaswamy Stadium, Bengaluru",2023
2024-01-06,ODI,Zimbabwe,No Result,,"R Premadasa Stadium, Colombo",2024
2024-01-08,ODI,Zimbabwe,Sri Lanka,2 wickets,"R Premadasa Stadium, Colombo",2024
2024-01-11,ODI,Zimbabwe,Sri Lanka,8 wickets,"R Premadasa Stadium, Colombo",2024
2024-01-14,T20,Zimbabwe,Sri Lanka,3 wickets,"R Premadasa Stadium, Colombo",2024
2024-01-16,T20,Zimbabwe,Opponent,4 wickets,"R Premadasa Stadium, Colombo",2024
2024-01-18,T20,Zimbabwe,Sri Lanka,9 wickets,"R Premadasa Stadium, Colombo",2024
2024-03-04,T20,Bangladesh,Sri Lanka,3 runs,Sylhet International Cricket Stadium,2024
2024-03-06,T20,Bangladesh,Opponent,8 wickets,Sylhet International Cricket Stadium,2024
2024-03-09,T20,Bangladesh,Sri Lanka,28 runs,Sylhet International Cricket Stadium,2024
2024-03-13,ODI,Bangladesh,Opponent,6 wickets,"Zahur Ahmed Chowdhury Stadium, Chattogram",2024
2024-03-15,ODI,Bangladesh,Sri Lanka,3 wickets,"Zahur Ahmed Chowdhury Stadium, Chattogram",2024
2024-03-18,ODI,Bangladesh,Opponent,4 wickets,"Zahur Ahmed Chowdhury Stadium, Chattogram",2024
2024-03-22,Test,Bangladesh,Sri Lanka,328 runs,Sylhet International Cricket Stadium,2024
2024-03-27,T20,South Africa,Opponent,79 runs,"Willowmoore Park, Benoni",2024
2024-03-30,Test,Bangladesh,Sri Lanka,192 runs,"Zahur Ahmed Chowdhury Stadium, Chattogram",2024
2024-03-30,T20,South Africa,Sri Lanka,7 wickets,"Senwes Park, Potchefstroom",2024
2024-04-03,T20,South Africa,Sri Lanka,4 wickets,"Buffalo Park, East London",2024
2024-04-09,ODI,South Africa,No Result,,"Buffalo Park, East London",2024
2024-04-13,ODI,South Africa,Opponent,7 wickets,"Diamond Oval, Kimberley",2024
2024-04-17,ODI,South Africa,Sri Lanka,6 wickets,"Senwes Park, Potchefstroom",2024
2024-04-25,T20,Thailand,Sri Lanka,67 runs,"Tolerance Oval, Abu Dhabi",2024
2024-04-27,T20,Scotland,Sri Lanka,10 wickets,"Zayed Cricket Stadium, Abu Dhabi",2024
2024-05-01,T20,Uganda,Sri Lanka,67 runs,"Zayed Cricket Stadium, Abu Dhabi",2024
2024-05-03,T20,United States of America,Sri Lanka,18 runs,"Tolerance Oval, Abu Dhabi",2024
2024-05-05,T20,United Arab Emirates,Sri Lanka,15 runs,"Zayed Cricket Stadium, Abu Dhabi",2024
2024-05-07,T20,Scotland,Sri Lanka,68 runs,"Zayed Cricket Stadium, Abu Dhabi",2024
2024-06-03,T20,South Africa,Opponent,6 wickets,"Nassau County International Cricket Stadium, New York",2024
2024-06-07,T20,Bangladesh,Opponent,2 wickets,"Grand Prairie Stadium, Dallas",2024
2024-06-15,ODI,West Indies,Sri Lanka,6 wickets,"Mahinda Rajapaksa International Cricket Stadium, Sooriyawewa, Hambantota",2024
2024-06-16,T20,Netherlands,Sri Lanka,83 runs,"Daren Sammy National Cricket Stadium, Gros Islet, St Lucia",2024
2024-06-18,ODI,West Indies,Sri Lanka,5 wickets,"Mahinda Rajapaksa International Cricket Stadium, Sooriyawewa, Hambantota",2024
2024-06-21,ODI,West Indies,Sri Lanka,160 runs,"Mahinda Rajapaksa International Cricket Stadium, Sooriyawewa, Hambantota",2024
2024-06-24,T20,West Indies,Sri Lanka,4 wickets,"Mahinda Rajapaksa International Cricket Stadium, Sooriyawewa, Hambantota",2024
2024-06-26,T20,West Indies,Opponent,6 wickets,"Mahinda Rajapaksa International Cricket Stadium, Sooriyawewa, Hambantota",2024
2024-06-28,T20,West Indies,Opponent,6 wickets,"Mahinda Rajapaksa International Cricket Stadium, Sooriyawewa, Hambantota",2024
2024-07-20,T20,Bangladesh,Sri Lanka,7 wickets,Rangiri Dambulla International Stadium,2024
2024-07-22,T20,Malaysia,Sri Lanka,144 runs,Rangiri Dambulla International Stadium,2024
2024-07-24,T20,Thailand,Sri Lanka,10 wickets,Rangiri Dambulla International Stadium,2024
2024-07-26,T20,Pakistan,Sri Lanka,3 wickets,Rangiri Dambulla International Stadium,2024
2024-07-27,T20,India,Opponent,43 runs,Pallekele International Cricket Stadium,2024
2024-07-28,T20,India,Opponent,7 wickets,Pallekele International Cricket Stadium,2024
2024-07-28,T20,India,Sri Lanka,8 wickets,Rangiri Dambulla International Stadium,2024
2024-07-30,T20,India,Tie,,Pallekele International Cricket Stadium,2024
2024-08-02,ODI,India,Tie,,"R Premadasa Stadium, Colombo",2024
2024-08-04,ODI,India,Sri Lanka,32 runs,"R Premadasa Stadium, Colombo",2024
2024-08-07,ODI,India,Sri Lanka,110 runs,"R Premadasa Stadium, Colombo",2024
2024-08-11,T20,Ireland,Sri Lanka,7 wickets,"Pembroke Cricket Club, Sandymount, Dublin",2024
2024-08-13,T20,Ireland,Opponent,7 runs,"Pembroke Cricket Club, Sandymount, Dublin",2024
2024-08-16,ODI,Ireland,Opponent,3 wickets,"Civil Service Cricket Club, Stormont, Belfast",2024
2024-08-18,ODI,Ireland,Opponent,15 runs,"Civil Service Cricket Club, Stormont, Belfast",2024
2024-08-20,ODI,Ireland,Sri Lanka,8 wickets,"Civil Service Cricket Club, Stormont, Belfast",2024
2024-08-21,Test,England,Opponent,5 wickets,"Old Trafford, Manchester",2024
2024-08-29,Test,England,Opponent,190 runs,"Lord's, London",2024
2024-09-06,Test,England,Sri Lanka,8 wickets,"Kennington Oval, London",2024
2024-09-18,Test,New Zealand,Sri Lanka,63 runs,Galle International Stadium,2024
2024-09-26,Test,New Zealand,Sri Lanka,154 runs,Galle International Stadium,2024
2024-10-03,T20,Pakistan,Opponent,31 runs,Sharjah Cricket Stadium,2024
2024-10-05,T20,Australia,Opponent,6 wickets,Sharjah Cricket Stadium,2024
2024-10-09,T20,India,Opponent,82 runs,Dubai International Cricket Stadium,2024
2024-10-12,T20,New Zealand,Opponent,8 wickets,Sharjah Cricket Stadium,2024
2024-10-13,T20,West Indies,Opponent,5 wickets,Rangiri Dambulla International Stadium,2024
2024-10-15,T20,West Indies,Sri Lanka,73 runs,Rangiri Dambulla International Stadium,2024
2024-10-17,T20,West Indies,Sri Lanka,9 wickets,Rangiri Dambulla International Stadium,2024
2024-10-20,ODI,West Indies,Sri Lanka,5 wickets,Pallekele International Cricket Stadium,2024
2024-10-23,ODI,West Indies,Sri Lanka,5 wickets,Pallekele International Cricket Stadium,2024
2024-10-26,ODI,West Indies,Opponent,8 wickets,Pallekele International Cricket Stadium,2024
2024-11-09,T20,New Zealand,Sri Lanka,4 wickets,Rangiri Dambulla International Stadium,2024
2024-11-10,T20,New Zealand,Opponent,5 runs,Rangiri Dambulla International Stadium,2024
2024-11-13,ODI,New Zealand,Sri Lanka,45 runs,Rangiri Dambulla International Stadium,2024
2024-11-17,ODI,New Zealand,Sri Lanka,3 wickets,Pallekele International Cricket Stadium,2024
2024-11-19,ODI,New Zealand,No Result,,Pallekele International Cricket Stadium,2024
2024-11-27,Test,South Africa,Opponent,233 runs,"Kingsmead, Durban",2024
2024-12-05,Test,South Africa,Opponent,109 runs,"St George's Park, Gqeberha",2024
2024-12-28,T20,New Zealand,Opponent,8 runs,"Bay Oval, Mount Maunganui",2024
2024-12-30,T20,New Zealand,Opponent,45 runs,"Bay Oval, Mount Maunganui",2024
2025-01-02,T20,New Zealand,Sri Lanka,7 runs,"Saxton Oval, Nelson",2025
2025-01-05,ODI,New Zealand,Opponent,9 wickets,"Basin Reserve, Wellington",2025
2025-01-08,ODI,New Zealand,Opponent,113 runs,"Seddon Park, Hamilton",2025
2025-01-11,ODI,New Zealand,Sri Lanka,140 runs,"Eden Park, Auckland",2025
2025-01-29,Test,Australia,Opponent,242 runs,Galle International Stadium,2025
2025-02-06,Test,Australia,Opponent,9 wickets,Galle International Stadium,2025
2025-02-12,ODI,Australia,Sri Lanka,49 runs,"R Premadasa Stadium, Colombo",2025
2025-02-14,ODI,Australia,Sri Lanka,174 runs,"R Premadasa Stadium, Colombo",2025
2025-03-04,ODI,New Zealand,No Result,,"McLean Park, Napier",2025
2025-03-07,ODI,New Zealand,Opponent,78 runs,"Saxton Oval, Nelson",2025
2025-03-09,ODI,New Zealand,Opponent,98 runs,"Saxton Oval, Nelson",2025
2025-03-14,T20,New Zealand,Sri Lanka,7 wickets,"Hagley Oval, Christchurch",2025
2025-03-16,T20,New Zealand,Opponent,7 wickets,"Hagley Oval, Christchurch",2025
2025-03-18,T20,New Zealand,No Result,,"University Oval, Dunedin",2025
2025-04-27,ODI,India,Opponent,9 wickets,"R Premadasa Stadium, Colombo",2025
2025-05-02,ODI,South Africa,Sri Lanka,5 wickets,"R Premadasa Stadium, Colombo",2025
2025-05-04,ODI,India,Sri Lanka,3 wickets,"R Premadasa Stadium, Colombo",2025
2025-05-09,ODI,South Africa,Opponent,76 runs,"R Premadasa Stadium, Colombo",2025
2025-05-11,ODI,India,Opponent,97 runs,"R Premadasa Stadium, Colombo",2025
2025-06-17,Test,Bangladesh,Draw,,Galle International Stadium,2025
2025-06-25,Test,Bangladesh,Sri Lanka,78 runs,"Sinhalese Sports Club Ground, Colombo",2025
2025-07-02,ODI,Bangladesh,Sri Lanka,77 runs,"R Premadasa Stadium, Colombo",2025
2025-07-05,ODI,Bangladesh,Opponent,16 runs,"R Premadasa Stadium, Colombo",2025
2025-07-08,ODI,Bangladesh,Sri Lanka,99 runs,Pallekele International Cricket Stadium,2025
2025-07-10,T20,Bangladesh,Sri Lanka,7 wickets,Pallekele International Cricket Stadium,2025
2025-07-13,T20,Bangladesh,Opponent,83 runs,Rangiri Dambulla International Stadium,2025
2025-07-16,T20,Bangladesh,Opponent,8 wickets,"R Premadasa Stadium, Colombo",2025
2025-08-29,ODI,Zimbabwe,Sri Lanka,7 runs,Harare Sports Club,2025
2025-08-31,ODI,Zimbabwe,Sri Lanka,5 wickets,Harare Sports Club,2025
2025-09-03,T20,Zimbabwe,Sri Lanka,4 wickets,Harare Sports Club,2025
2025-09-06,T20,Zimbabwe,Opponent,5 wickets,Harare Sports Club,2025
2025-09-07,T20,Zimbabwe,Sri Lanka,8 wickets,Harare Sports Club,2025
2025-09-13,T20,Bangladesh,Sri Lanka,6 wickets,"Zayed Cricket Stadium, Abu Dhabi",2025
2025-09-15,T20,Hong Kong,Sri Lanka,4 wickets,Dubai International Cricket Stadium,2025
2025-09-20,T20,Bangladesh,Opponent,4 wickets,Dubai International Cricket Stadium,2025
2025-09-23,T20,Pakistan,Opponent,5 wickets,"Zayed Cricket Stadium, Abu Dhabi",2025
2025-09-26,T20,India,Tie,,Dubai International Cricket Stadium,2025
2025-09-30,ODI,India,Opponent,59 runs,"Barsapara Cricket Stadium, Guwahati",2025
2025-10-11,ODI,England,Opponent,89 runs,"R Premadasa Stadium, Colombo",2025
2025-10-14,ODI,New Zealand,No Result,,"R Premadasa Stadium, Colombo",2025
2025-10-17,ODI,South Africa,Opponent,10 wickets,"R Premadasa Stadium, Colombo",2025
2025-10-20,ODI,Bangladesh,Sri Lanka,7 runs,"Dr DY Patil Sports Academy, Navi Mumbai",2025
2025-10-24,ODI,Pakistan,No Result,,"R Premadasa Stadium, Colombo",2025
2025-11-11,ODI,Pakistan,Opponent,6 runs,Rawalpindi Cricket Stadium,2025
2025-11-14,ODI,Pakistan,Opponent,8 wickets,Rawalpindi Cricket Stadium,2025
2025-11-16,ODI,Pakistan,Opponent,6 wickets,Rawalpindi Cricket Stadium,2025
2025-11-20,T20,Zimbabwe,Opponent,67 runs,Rawalpindi Cricket Stadium,2025
2025-11-22,T20,Pakistan,Opponent,7 wickets,Rawalpindi Cricket Stadium,2025
2025-11-25,T20,Zimbabwe,Sri Lanka,9 wickets,Rawalpindi Cricket Stadium,2025
2025-11-27,T20,Pakistan,Sri Lanka,6 runs,Rawalpindi Cricket Stadium,2025
2025-11-29,T20,Pakistan,Opponent,6 wickets,Rawalpindi Cricket Stadium,2025
2025-12-21,T20,India,Opponent,8 wickets,"Dr. Y.S. Rajasekhara Reddy ACA-VDCA Cricket Stadium, Visakhapatnam",2025
2025-12-23,T20,India,Opponent,7 wickets,"Dr. Y.S. Rajasekhara Reddy ACA-VDCA Cricket Stadium, Visakhapatnam",2025
2025-12-26,T20,India,Opponent,8 wickets,"Greenfield International Stadium, Thiruvananthapuram",2025
2025-12-28,T20,India,Opponent,30 runs,"Greenfield International Stadium, Thiruvananthapuram",2025
2025-12-30,T20,India,Opponent,15 runs,"Greenfield International Stadium, Thiruvananthapuram",2025
2026-01-07,T20,Pakistan,Opponent,6 wickets,Rangiri Dambulla International Stadium,2026
2026-01-11,T20,Pakistan,Sri Lanka,14 runs,Rangiri Dambulla International Stadium,2026
2026-01-22,ODI,England,Sri Lanka,19 runs,"R Premadasa Stadium, Colombo",2026
2026-01-24,ODI,England,Opponent,5 wickets,"R Premadasa Stadium, Colombo",2026
2026-01-27,ODI,England,Opponent,53 runs,"R Premadasa Stadium, Colombo",2026
2026-01-30,T20,England,Opponent,11 runs,Pallekele International Cricket Stadium,2026
