Match_Date,Match_Format,Opponent,Winner,Margin,Ground,Year,Home_Away
2002-06-27,ODI,England,Opponent,44 runss,"Trent Bridge, Nottingham",2002,Away
2003-01-09,ODI,Australia,Sri Lanka,79 runss,Sydney Cricket Ground,2003,Away
2003-01-13,ODI,England,Sri Lanka,31 runss,Sydney Cricket Ground,2003,Away
2003-01-15,ODI,Australia,Opponent,4 wicketss,"Brisbane Cricket Ground, Woolloongabba, Brisbane",2003,Away
2003-01-17,ODI,England,Opponent,19 runss,Adelaide Oval,2003,Away
2003-01-21,ODI,Australia,Opponent,9 wicketss,Melbourne Cricket Ground,2003,Away
2003-02-10,ODI,New Zealand,Sri Lanka,47 runss,"Goodyear Park, Bloemfontein",2003,Away
2003-02-19,ODI,Canada,Sri Lanka,9 wicketss,"Boland Bank Park, Paarl",2003,Away
2003-02-24,ODI,Kenya,Opponent,53 runss,"Gymkhana Club Ground, Nairobi",2003,Away
2003-02-28,ODI,West Indies,Sri Lanka,6 runss,"Newlands, Cape Town",2003,Away
2003-03-03,ODI,South Africa,Tie,,"Kingsmead, Durban",2003,Away
2003-03-07,ODI,Australia,Opponent,96 runss,"SuperSport Park, Centurion",2003,Away
2003-03-10,ODI,India,Opponent,183 runss,"New Wanderers Stadium, Johannesburg",2003,Away
2003-03-15,ODI,Zimbabwe,Sri Lanka,74 runss,"Buffalo Park, East London",2003,Away
2003-03-18,ODI,Australia,Opponent,48 runss,"St George's Park, Port Elizabeth",2003,Away
2003-04-04,ODI,Pakistan,Opponent,7 wicketss,Sharjah Cricket Association Stadium,2003,Away
2003-04-06,ODI,Kenya,Sri Lanka,129 runss,Sharjah Cricket Association Stadium,2003,Away
2003-04-07,ODI,Zimbabwe,Opponent,4 wicketss,Sharjah Cricket Association Stadium,2003,Away
2003-05-10,ODI,Pakistan,Opponent,79 runss,Rangiri Dambulla International Stadium,2003,Home
2003-05-19,ODI,New Zealand,Opponent,9 runss,Rangiri Dambulla International Stadium,2003,Home
2003-06-07,ODI,West Indies,Sri Lanka,55 runss,"Kensington Oval, Bridgetown, Barbados",2003,Away
2003-06-11,ODI,West Indies,Opponent,6 wicketss,"Arnos Vale Ground, Kingstown, St Vincent",2003,Away
2003-11-18,ODI,England,Sri Lanka,10 wicketss,Rangiri Dambulla International Stadium,2003,Home
2003-12-18,Test,England,Sri Lanka,215 runss,"Sinhalese Sports Club Ground, Colombo",2003,Home
2004-02-20,ODI,Australia,Opponent,84 runss,Rangiri Dambulla International Stadium,2004,Home
2004-02-22,ODI,Australia,Sri Lanka,1 runss,Rangiri Dambulla International Stadium,2004,Home
2004-02-27,ODI,Australia,Opponent,40 runss,R.Premadasa Stadium,2004,Home
2004-03-08,Test,Australia,Opponent,197 runss,Galle International Stadium,2004,Home
2004-04-20,ODI,Zimbabwe,Sri Lanka,12 runss,Queens Sports Club,2004,Away
2004-04-27,ODI,Zimbabwe,Sri Lanka,72 runss,Harare Sports Club,2004,Away
2004-07-21,ODI,Pakistan,Sri Lanka,7 wicketss,R.Premadasa Stadium,2004,Home
2004-07-23,ODI,Bangladesh,Sri Lanka,10 wicketss,R.Premadasa Stadium,2004,Home
2004-07-27,ODI,India,Opponent,4 runss,R.Premadasa Stadium,2004,Home
2004-08-01,ODI,India,Sri Lanka,25 runss,R.Premadasa Stadium,2004,Home
2004-08-28,ODI,South Africa,Sri Lanka,7 wicketss,Rangiri Dambulla International Stadium,2004,Home
2004-08-31,ODI,South Africa,Sri Lanka,49 runss,Sinhalese Sports Club,2004,Home
2004-09-14,ODI,Zimbabwe,Sri Lanka,4 wicketss,Kennington Oval,2004,Away
2004-09-17,ODI,England,Opponent,49 runss,The Rose Bowl,2004,Away
2004-10-06,ODI,Pakistan,Opponent,8 wicketss,National Stadium,2004,Away
2004-10-09,ODI,Zimbabwe,Sri Lanka,7 wicketss,Rawalpindi Cricket Stadium,2004,Away
2004-10-16,ODI,Pakistan,Sri Lanka,119 runss,Gaddafi Stadium,2004,Away
2005-04-11,Test,New Zealand,Opponent,38 runss,Basin Reserve,2005,Away
2005-08-02,ODI,West Indies,Sri Lanka,50 runss,Rangiri Dambulla International Stadium,2005,Home
2005-08-06,ODI,West Indies,Opponent,33 runss,"R.Premadasa Stadium, Khettarama",2005,Home
2005-08-31,ODI,Bangladesh,Sri Lanka,88 runss,Sinhalese Sports Club Ground,2005,Home
2005-09-12,Test,Bangladesh,Sri Lanka,96 runss,R.Premadasa Stadium,2005,Home
2005-09-20,Test,Bangladesh,Sri Lanka,69 runss,P Sara Oval,2005,Home
2005-10-25,ODI,India,Opponent,152 runss,Vidarbha C.A. Ground,2005,Away
2005-10-28,ODI,India,Opponent,8 wicketss,"Punjab Cricket Association IS Bindra Stadium, Mohali",2005,Away
2005-11-03,ODI,India,Opponent,4 wicketss,Nehru Stadium,2005,Away
2005-11-06,ODI,India,Sri Lanka,5 wicketss,"Sardar Patel (Gujarat) Stadium, Motera",2005,Away
2005-11-09,ODI,India,Opponent,7 wicketss,Madhavrao Scindia Cricket Ground,2005,Away
2005-11-12,ODI,India,Opponent,5 wicketss,Reliance Stadium,2005,Away
2005-12-18,Test,India,Opponent,259 runss,Sardar Patel Stadium,2005,Away
2005-12-31,ODI,New Zealand,Opponent,7 wicketss,John Davies Oval,2005,Away
2006-01-03,ODI,New Zealand,Opponent,5 wicketss,Jade Stadium,2006,Away
2006-01-06,ODI,New Zealand,Opponent,21 runss,Westpac Stadium,2006,Away
2006-01-17,ODI,South Africa,Sri Lanka,94 runss,"Brisbane Cricket Ground, Woolloongabba",2006,Away
2006-01-22,ODI,Australia,Sri Lanka,51 runss,Sydney Cricket Ground,2006,Away
2006-01-24,ODI,South Africa,Opponent,9 runss,Adelaide Oval,2006,Away
2006-01-26,ODI,Australia,Opponent,5 wicketss,Adelaide Oval,2006,Away
2006-01-29,ODI,Australia,Opponent,6 wicketss,Western Australia Cricket Association Ground,2006,Away
2006-01-31,ODI,South Africa,Opponent,5 wicketss,Western Australia Cricket Association Ground,2006,Away
2006-02-07,ODI,South Africa,Sri Lanka,76 runss,Bellerive Oval,2006,Away
2006-02-10,ODI,Australia,Sri Lanka,22 runss,Adelaide Oval,2006,Away
2006-02-12,ODI,Australia,Opponent,167 runss,Sydney Cricket Ground,2006,Away
2006-02-14,ODI,Australia,Opponent,9 wicketss,"Brisbane Cricket Ground, Woolloongabba",2006,Away
2006-02-20,ODI,Bangladesh,Sri Lanka,5 wicketss,Shaheed Chandu Stadium,2006,Away
2006-02-22,ODI,Bangladesh,Opponent,4 wicketss,Shaheed Chandu Stadium,2006,Away
2006-02-25,ODI,Bangladesh,Sri Lanka,78 runss,Chittagong Divisional Stadium,2006,Away
2006-02-28,Test,Bangladesh,Sri Lanka,8 wicketss,Zahur Ahmed Chowdhury Stadium,2006,Away
2006-03-08,Test,Bangladesh,Sri Lanka,10 wicketss,Shaheed Chandu Stadium,2006,Away
2006-03-17,ODI,Pakistan,No Result,,R Premadasa Stadium,2006,Home
2006-03-19,ODI,Pakistan,Opponent,4 wicketss,R Premadasa Stadium,2006,Home
2006-03-22,ODI,Pakistan,Opponent,4 wicketss,Sinhalese Sports Club Ground,2006,Home
2006-04-03,Test,Pakistan,Opponent,8 wicketss,Asgiriya Stadium,2006,Home
2006-05-11,Test,England,Draw,,Lord's,2006,Away
2006-05-25,Test,England,Opponent,6 wicketss,Edgbaston,2006,Away
2006-06-02,Test,England,Sri Lanka,134 runss,Trent Bridge,2006,Away
2006-06-15,T20,England,Sri Lanka,2 runss,The Rose Bowl,2006,Away
2006-06-17,ODI,England,Sri Lanka,20 runss,Lord's,2006,Away
2006-06-20,ODI,England,Sri Lanka,46 runss,Kennington Oval,2006,Away
2006-06-24,ODI,England,Sri Lanka,8 wicketss,Riverside Ground,2006,Away
2006-06-28,ODI,England,Sri Lanka,33 runss,Old Trafford,2006,Away
2006-07-01,ODI,England,Sri Lanka,8 wicketss,Headingley,2006,Away
2006-07-27,Test,South Africa,Sri Lanka,153 runss,Sinhalese Sports Club Ground,2006,Home
2006-08-04,Test,South Africa,Sri Lanka,1 wicketss,P Sara Oval,2006,Home
2006-08-18,ODI,India,No Result,,Sinhalese Sports Club Ground,2006,Home
2006-10-07,ODI,Bangladesh,Sri Lanka,37 runss,"Punjab Cricket Association Stadium, Mohali",2006,Away
2006-10-10,ODI,Zimbabwe,Sri Lanka,144 runss,"Sardar Patel Stadium, Motera",2006,Away
2006-10-14,ODI,West Indies,Sri Lanka,9 wicketss,Brabourne Stadium,2006,Away
2006-10-17,ODI,Pakistan,Opponent,4 wicketss,Sawai Mansingh Stadium,2006,Away
2006-10-20,ODI,New Zealand,Sri Lanka,7 wicketss,Brabourne Stadium,2006,Away
2006-10-24,ODI,South Africa,Opponent,78 runss,"Sardar Patel Stadium, Motera",2006,Away
2006-12-07,Test,New Zealand,Opponent,5 wicketss,AMI Stadium,2006,Away
2006-12-15,Test,New Zealand,Sri Lanka,217 runss,Basin Reserve,2006,Away
2006-12-22,T20,New Zealand,Sri Lanka,18 runss,Westpac Stadium,2006,Away
2006-12-26,T20,New Zealand,Opponent,5 wicketss,Eden Park,2006,Away
2006-12-28,ODI,New Zealand,Sri Lanka,7 wicketss,McLean Park,2006,Away
2007-01-02,ODI,New Zealand,Opponent,4 wicketss,Jade Stadium,2007,Away
2007-01-06,ODI,New Zealand,Sri Lanka,189 runss,Eden Park,2007,Away
2007-02-08,ODI,India,No Result,,Eden Gardens,2007,Away
2007-02-11,ODI,India,Sri Lanka,5 runss,Madhavrao Scindia Cricket Ground,2007,Away
2007-02-14,ODI,India,Opponent,5 wicketss,"Nehru Stadium, Fatorda",2007,Away
2007-02-17,ODI,India,Opponent,7 wicketss,Andhra Cricket Association-Visakhapatnam District Cricket Association Stadium,2007,Away
2007-03-15,ODI,Bermuda,Sri Lanka,243 runss,"Queen's Park Oval, Port of Spain",2007,Away
2007-03-21,ODI,Bangladesh,Sri Lanka,198 runss,"Queen's Park Oval, Port of Spain",2007,Away
2007-03-23,ODI,India,Sri Lanka,69 runss,"Queen's Park Oval, Port of Spain",2007,Away
2007-03-28,ODI,South Africa,Opponent,1 wicketss,Providence Stadium,2007,Away
2007-04-01,ODI,West Indies,Sri Lanka,113 runss,Providence Stadium,2007,Away
2007-04-04,ODI,England,Sri Lanka,2 runss,"Sir Vivian Richards Stadium, North Sound",2007,Away
2007-04-12,ODI,New Zealand,Sri Lanka,6 wicketss,"National Cricket Stadium, St George's",2007,Away
2007-04-16,ODI,Australia,Opponent,7 wicketss,"National Cricket Stadium, St George's",2007,Away
2007-04-18,ODI,Ireland,Sri Lanka,8 wicketss,"National Cricket Stadium, St George's",2007,Away
2007-04-24,ODI,New Zealand,Sri Lanka,81 runss,"Sabina Park, Kingston",2007,Away
2007-04-28,ODI,Australia,Opponent,53 runss,"Kensington Oval, Bridgetown",2007,Away
2007-06-25,Test,Bangladesh,Sri Lanka,234 runss,Sinhalese Sports Club Ground,2007,Home
2007-07-03,Test,Bangladesh,Sri Lanka,90 runss,P Sara Oval,2007,Home
2007-07-11,Test,Bangladesh,Sri Lanka,193 runss,Asgiriya Stadium,2007,Home
2007-07-20,ODI,Bangladesh,Sri Lanka,70 runss,P Saravanamuttu Stadium,2007,Away
2007-07-23,ODI,Bangladesh,Sri Lanka,5 wicketss,R Premadasa Stadium,2007,Home
2007-07-25,ODI,Bangladesh,Sri Lanka,39 runss,R Premadasa Stadium,2007,Home
2007-09-14,T20,Kenya,Sri Lanka,172 runss,New Wanderers Stadium,2007,Away
2007-09-15,T20,New Zealand,Sri Lanka,7 wicketss,New Wanderers Stadium,2007,Away
2007-09-17,T20,Pakistan,Opponent,33 runss,New Wanderers Stadium,2007,Away
2007-09-18,T20,Bangladesh,Sri Lanka,64 runss,New Wanderers Stadium,2007,Away
2007-09-20,T20,Australia,Opponent,10 wicketss,Newlands,2007,Away
2007-10-01,ODI,England,Sri Lanka,119 runss,Rangiri Dambulla International Stadium,2007,Home
2007-10-04,ODI,England,Opponent,65 runss,Rangiri Dambulla International Stadium,2007,Home
2007-10-10,ODI,England,Opponent,5 wicketss,R Premadasa Stadium,2007,Home
2007-10-13,ODI,England,Sri Lanka,107 runss,R Premadasa Stadium,2007,Home
2007-11-08,Test,Australia,Opponent,40 runss,"Brisbane Cricket Ground, Woolloongabba",2007,Away
2007-11-16,Test,Australia,Opponent,96 runss,Bellerive Oval,2007,Away
2007-12-01,Test,England,Sri Lanka,88 runss,Asgiriya Stadium,2007,Home
2007-12-09,Test,England,Draw,,Sinhalese Sports Club Ground,2007,Home
2007-12-18,Test,England,Draw,,Galle International Stadium,2007,Home
2008-02-05,ODI,India,No Result,,"Brisbane Cricket Ground, Woolloongabba",2008,Away
2008-02-08,ODI,Australia,Opponent,128 runss,Sydney Cricket Ground,2008,Away
2008-02-15,ODI,Australia,Opponent,63 runss,Western Australia Cricket Association Ground,2008,Away
2008-02-19,ODI,India,Opponent,2 wicketss,Adelaide Oval,2008,Away
2008-02-22,ODI,Australia,Opponent,24 runss,Melbourne Cricket Ground,2008,Away
2008-02-26,ODI,India,Opponent,7 wicketss,Bellerive Oval,2008,Away
2008-02-29,ODI,Australia,Sri Lanka,13 runss,Melbourne Cricket Ground,2008,Away
2008-03-22,Test,West Indies,Sri Lanka,121 runss,Providence Stadium,2008,Away
2008-04-03,Test,West Indies,Opponent,6 wicketss,"Queen's Park Oval, Port of Spain",2008,Away
2008-04-10,ODI,West Indies,Opponent,1 wicketss,"Queen's Park Oval, Port of Spain",2008,Away
2008-04-12,ODI,West Indies,Opponent,7 wicketss,"Queen's Park Oval, Port of Spain",2008,Away
2008-04-15,ODI,West Indies,No Result,,"Beausejour Stadium, Gros Islet",2008,Away
2008-05-08,ODI,India,Opponent,8 wicketss,Welagedara Stadium,2008,Away
2008-05-11,ODI,India,Opponent,177 runss,Welagedara Stadium,2008,Away
2008-06-25,ODI,Bangladesh,Sri Lanka,131 runss,Gaddafi Stadium,2008,Away
2008-06-26,ODI,United Arab Emirates,Sri Lanka,142 runss,Gaddafi Stadium,2008,Away
2008-06-29,ODI,Pakistan,Sri Lanka,64 runss,National Stadium,2008,Away
2008-06-30,ODI,Bangladesh,Sri Lanka,158 runss,National Stadium,2008,Away
2008-07-03,ODI,India,Opponent,6 wicketss,National Stadium,2008,Away
2008-07-06,ODI,India,Sri Lanka,100 runss,National Stadium,2008,Away
2008-07-23,Test,India,Sri Lanka,239 runss,Sinhalese Sports Club Ground,2008,Home
2008-07-31,Test,India,Opponent,170 runss,Galle International Stadium,2008,Home
2008-08-08,Test,India,Sri Lanka,8 wicketss,P Saravanamuttu Stadium,2008,Away
2008-08-18,ODI,India,Sri Lanka,8 wicketss,Rangiri Dambulla International Stadium,2008,Home
2008-08-20,ODI,India,Opponent,3 wicketss,Rangiri Dambulla International Stadium,2008,Home
2008-08-24,ODI,India,Opponent,33 runss,R Premadasa Stadium,2008,Home
2008-08-27,ODI,India,Opponent,46 runss,R Premadasa Stadium,2008,Home
2008-08-29,ODI,India,Sri Lanka,112 runss,R Premadasa Stadium,2008,Home
2008-10-11,T20,Pakistan,Opponent,3 wicketss,Maple Leaf North-West Ground,2008,Away
2008-10-13,T20,Pakistan,Sri Lanka,5 wicketss,Maple Leaf North-West Ground,2008,Away
2008-11-20,ODI,Zimbabwe,Sri Lanka,6 wicketss,Harare Sports Club,2008,Away
2008-11-22,ODI,Zimbabwe,Sri Lanka,9 wicketss,Harare Sports Club,2008,Away
2008-11-24,ODI,Zimbabwe,Sri Lanka,5 runss,Harare Sports Club,2008,Away
2008-11-30,ODI,Zimbabwe,Sri Lanka,19 runss,Harare Sports Club,2008,Away
2009-01-03,Test,Bangladesh,Sri Lanka,465 runss,Chittagong Divisional Stadium,2009,Away
2009-01-14,ODI,Bangladesh,Opponent,5 wicketss,Shere Bangla National Stadium,2009,Away
2009-01-20,ODI,Pakistan,Opponent,8 wicketss,National Stadium,2009,Away
2009-01-21,ODI,Pakistan,Sri Lanka,129 runss,National Stadium,2009,Away
2009-01-24,ODI,Pakistan,Sri Lanka,234 runss,Gaddafi Stadium,2009,Away
2009-01-28,ODI,India,Opponent,6 wicketss,Rangiri Dambulla International Stadium,2009,Home
2009-01-31,ODI,India,Opponent,15 runss,R Premadasa Stadium,2009,Home
2009-02-03,ODI,India,Opponent,147 runss,R Premadasa Stadium,2009,Home
2009-02-05,ODI,India,Opponent,67 runss,R Premadasa Stadium,2009,Home
2009-02-08,ODI,India,Sri Lanka,68 runss,R Premadasa Stadium,2009,Home
2009-02-10,T20,India,Opponent,3 wicketss,R Premadasa Stadium,2009,Home
2009-02-21,Test,Pakistan,Draw,,National Stadium,2009,Away
2009-03-01,Test,Pakistan,Draw,,Gaddafi Stadium,2009,Away
2009-06-08,T20,Australia,Sri Lanka,6 wicketss,Trent Bridge,2009,Away
2009-06-10,T20,West Indies,Sri Lanka,15 runss,Trent Bridge,2009,Away
2009-06-12,T20,Pakistan,Sri Lanka,19 runss,Lord's,2009,Away
2009-06-14,T20,Ireland,Sri Lanka,9 runss,Lord's,2009,Away
2009-06-16,T20,New Zealand,Sri Lanka,48 runss,Trent Bridge,2009,Away
2009-06-19,T20,West Indies,Sri Lanka,57 runss,Kennington Oval,2009,Away
2009-06-21,T20,Pakistan,Opponent,8 wicketss,Lord's,2009,Away
2009-07-04,Test,Pakistan,Sri Lanka,50 runss,Galle International Stadium,2009,Home
2009-07-12,Test,Pakistan,Sri Lanka,7 wicketss,P Sara Oval,2009,Home
2009-07-20,Test,Pakistan,Draw,,Sinhalese Sports Club Ground,2009,Home
2009-07-30,ODI,Pakistan,Sri Lanka,36 runss,Rangiri Dambulla International Stadium,2009,Home
2009-08-01,ODI,Pakistan,Sri Lanka,6 wicketss,Rangiri Dambulla International Stadium,2009,Home
2009-08-03,ODI,Pakistan,Sri Lanka,6 wicketss,Rangiri Dambulla International Stadium,2009,Home
2009-08-07,ODI,Pakistan,Opponent,146 runss,R Premadasa Stadium,2009,Home
2009-08-09,ODI,Pakistan,Opponent,132 runss,R Premadasa Stadium,2009,Home
2009-08-12,T20,Pakistan,Opponent,52 runss,R Premadasa Stadium,2009,Home
2009-08-18,Test,New Zealand,Sri Lanka,202 runss,Galle International Stadium,2009,Home
2009-08-26,Test,New Zealand,Sri Lanka,96 runss,Sinhalese Sports Club Ground,2009,Home
2009-09-02,T20,New Zealand,Opponent,3 runss,R Premadasa Stadium,2009,Home
2009-09-04,T20,New Zealand,Opponent,22 runss,R Premadasa Stadium,2009,Home
2009-09-08,ODI,New Zealand,Sri Lanka,97 runss,R Premadasa Stadium,2009,Home
2009-09-12,ODI,India,Sri Lanka,139 runss,R Premadasa Stadium,2009,Home
2009-09-14,ODI,India,Opponent,46 runss,R Premadasa Stadium,2009,Home
2009-09-22,ODI,South Africa,Sri Lanka,55 runss,SuperSport Park,2009,Away
2009-09-25,ODI,England,Opponent,6 wicketss,New Wanderers Stadium,2009,Away
2009-09-27,ODI,New Zealand,Opponent,38 runss,New Wanderers Stadium,2009,Away
2009-11-16,Test,India,Draw,,"Sardar Patel Stadium, Motera",2009,Away
2009-11-24,Test,India,Opponent,144 runss,Green Park,2009,Away
2009-12-02,Test,India,Opponent,24 runss,Brabourne Stadium,2009,Away
2009-12-09,T20,India,Sri Lanka,29 runss,"Vidarbha Cricket Association Stadium, Jamtha",2009,Away
2009-12-12,T20,India,Opponent,6 wicketss,"Punjab Cricket Association Stadium, Mohali",2009,Away
2009-12-15,ODI,India,Opponent,3 runss,Madhavrao Scindia Cricket Ground,2009,Away
2009-12-18,ODI,India,Sri Lanka,3 wicketss,"Vidarbha Cricket Association Stadium, Jamtha",2009,Away
2009-12-21,ODI,India,Opponent,7 wicketss,Barabati Stadium,2009,Away
2009-12-24,ODI,India,Opponent,7 wicketss,Eden Gardens,2009,Away
2009-12-27,ODI,India,No Result,,Feroz Shah Kotla,2009,Away
2010-01-04,ODI,Bangladesh,Sri Lanka,7 wicketss,Shere Bangla National Stadium,2010,Away
2010-01-05,ODI,India,Sri Lanka,5 wicketss,Shere Bangla National Stadium,2010,Away
2010-01-08,ODI,Bangladesh,Sri Lanka,9 wicketss,Shere Bangla National Stadium,2010,Away
2010-01-10,ODI,India,Opponent,8 wicketss,Shere Bangla National Stadium,2010,Away
2010-01-13,ODI,India,Sri Lanka,4 wicketss,Shere Bangla National Stadium,2010,Away
2010-04-30,T20,New Zealand,Opponent,2 wicketss,Providence Stadium,2010,Away
2010-05-03,T20,Zimbabwe,Sri Lanka,14 runss,Providence Stadium,2010,Away
2010-05-07,T20,West Indies,Sri Lanka,57 runss,"Kensington Oval, Bridgetown",2010,Away
2010-05-09,T20,Australia,Opponent,81 runss,"Kensington Oval, Bridgetown",2010,Away
2010-05-11,T20,India,Sri Lanka,5 wicketss,"Beausejour Stadium, Gros Islet",2010,Away
2010-05-13,T20,England,Opponent,7 wicketss,"Beausejour Stadium, Gros Islet",2010,Away
2010-05-22,T20,New Zealand,Opponent,28 runss,Central Broward Regional Park Stadium Turf Ground,2010,Away
2010-05-23,T20,New Zealand,Sri Lanka,7 wicketss,Central Broward Regional Park Stadium Turf Ground,2010,Away
2010-05-30,ODI,India,Opponent,7 wicketss,Queens Sports Club,2010,Away
2010-06-01,ODI,Zimbabwe,Sri Lanka,9 wicketss,Queens Sports Club,2010,Away
2010-06-05,ODI,India,Sri Lanka,6 wicketss,Harare Sports Club,2010,Away
2010-06-07,ODI,Zimbabwe,Opponent,8 wicketss,Harare Sports Club,2010,Away
2010-06-09,ODI,Zimbabwe,Sri Lanka,9 wicketss,Harare Sports Club,2010,Away
2010-06-15,ODI,Pakistan,Sri Lanka,16 runss,Rangiri Dambulla International Stadium,2010,Home
2010-06-18,ODI,Bangladesh,Sri Lanka,126 runss,Rangiri Dambulla International Stadium,2010,Home
2010-06-22,ODI,India,Sri Lanka,7 wicketss,Rangiri Dambulla International Stadium,2010,Home
2010-06-24,ODI,India,Opponent,81 runss,Rangiri Dambulla International Stadium,2010,Home
2010-07-18,Test,India,Sri Lanka,10 wicketss,Galle International Stadium,2010,Home
2010-07-26,Test,India,Draw,,Sinhalese Sports Club Ground,2010,Home
2010-08-03,Test,India,Opponent,5 wicketss,P Sara Oval,2010,Home
2010-08-13,ODI,New Zealand,Sri Lanka,3 wicketss,Rangiri Dambulla International Stadium,2010,Home
2010-08-16,ODI,India,Opponent,6 wicketss,Rangiri Dambulla International Stadium,2010,Home
2010-08-19,ODI,New Zealand,No Result,,Rangiri Dambulla International Stadium,2010,Home
2010-08-22,ODI,India,Sri Lanka,8 wicketss,Rangiri Dambulla International Stadium,2010,Home
2010-08-28,ODI,India,Sri Lanka,74 runss,Rangiri Dambulla International Stadium,2010,Home
2010-10-31,T20,Australia,Sri Lanka,7 wicketss,Western Australia Cricket Association Ground,2010,Away
2010-11-03,ODI,Australia,Sri Lanka,1 wicketss,Melbourne Cricket Ground,2010,Away
2010-11-05,ODI,Australia,Sri Lanka,29 runss,Sydney Cricket Ground,2010,Away
2010-11-07,ODI,Australia,Opponent,8 wicketss,"Brisbane Cricket Ground, Woolloongabba",2010,Away
2010-11-15,Test,West Indies,Draw,,Galle International Stadium,2010,Home
2010-11-23,Test,West Indies,Draw,,R Premadasa Stadium,2010,Home
2010-12-01,Test,West Indies,Draw,,Pallekele International Cricket Stadium,2010,Home
2011-01-31,ODI,West Indies,No Result,,Sinhalese Sports Club Ground,2011,Home
2011-02-03,ODI,West Indies,Sri Lanka,8 wicketss,Sinhalese Sports Club Ground,2011,Home
2011-02-06,ODI,West Indies,Sri Lanka,26 runss,Sinhalese Sports Club Ground,2011,Home
2011-02-20,ODI,Canada,Sri Lanka,210 runss,"Mahinda Rajapaksa International Cricket Stadium, Sooriyawewa",2011,Away
2011-02-26,ODI,Pakistan,Opponent,11 runss,R Premadasa Stadium,2011,Home
2011-03-01,ODI,Kenya,Sri Lanka,9 wicketss,R Premadasa Stadium,2011,Home
2011-03-05,ODI,Australia,No Result,,R Premadasa Stadium,2011,Home
2011-03-10,ODI,Zimbabwe,Sri Lanka,139 runss,Pallekele International Cricket Stadium,2011,Home
2011-03-18,ODI,New Zealand,Sri Lanka,112 runss,Wankhede Stadium,2011,Away
2011-03-26,ODI,England,Sri Lanka,10 wicketss,R Premadasa Stadium,2011,Home
2011-03-29,ODI,New Zealand,Sri Lanka,5 wicketss,R Premadasa Stadium,2011,Home
2011-04-02,ODI,India,Opponent,6 wicketss,Wankhede Stadium,2011,Away
2011-05-26,Test,England,Opponent,14 runss,Sophia Gardens,2011,Away
2011-06-03,Test,England,Draw,,Lord's,2011,Away
2011-06-16,Test,England,Draw,,The Rose Bowl,2011,Away
2011-06-25,T20,England,Sri Lanka,9 wicketss,County Ground,2011,Away
2011-06-28,ODI,England,Opponent,110 runss,Kennington Oval,2011,Away
2011-07-01,ODI,England,Sri Lanka,69 runss,Headingley,2011,Away
2011-07-03,ODI,England,Sri Lanka,6 wicketss,Lord's,2011,Away
2011-07-06,ODI,England,Opponent,10 wicketss,Trent Bridge,2011,Away
2011-07-09,ODI,England,Opponent,16 runss,Old Trafford,2011,Away
2011-08-06,T20,Australia,Sri Lanka,35 runss,Pallekele International Cricket Stadium,2011,Home
2011-08-08,T20,Australia,Sri Lanka,8 runss,Pallekele International Cricket Stadium,2011,Home
2011-08-10,ODI,Australia,Opponent,7 wicketss,Pallekele International Cricket Stadium,2011,Home
2011-08-14,ODI,Australia,Opponent,8 wicketss,"Mahinda Rajapaksa International Cricket Stadium, Sooriyawewa",2011,Away
2011-08-16,ODI,Australia,Sri Lanka,78 runss,"Mahinda Rajapaksa International Cricket Stadium, Sooriyawewa",2011,Away
2011-08-20,ODI,Australia,Opponent,5 wicketss,R Premadasa Stadium,2011,Home
2011-08-22,ODI,Australia,Sri Lanka,4 wicketss,R Premadasa Stadium,2011,Home
2011-08-31,Test,Australia,Opponent,125 runss,Galle International Stadium,2011,Home
2011-09-08,Test,Australia,Draw,,Pallekele International Cricket Stadium,2011,Home
2011-09-16,Test,Australia,Draw,,Sinhalese Sports Club Ground,2011,Home
2011-10-18,Test,Pakistan,Draw,,Sheikh Zayed Stadium,2011,Away
2011-10-26,Test,Pakistan,Opponent,9 wicketss,Dubai International Cricket Stadium,2011,Away
2011-11-03,Test,Pakistan,Draw,,Sharjah Cricket Stadium,2011,Away
2011-11-11,ODI,Pakistan,Opponent,8 wicketss,Dubai International Cricket Stadium,2011,Away
2011-11-14,ODI,Pakistan,Sri Lanka,25 runss,Dubai International Cricket Stadium,2011,Away
2011-11-18,ODI,Pakistan,Opponent,21 runss,Dubai International Cricket Stadium,2011,Away
2011-11-20,ODI,Pakistan,Opponent,26 runss,Sharjah Cricket Stadium,2011,Away
2011-11-23,ODI,Pakistan,Opponent,3 wicketss,Sheikh Zayed Stadium,2011,Away
2011-11-25,T20,Pakistan,Opponent,5 wicketss,Sheikh Zayed Stadium,2011,Away
2011-12-15,Test,South Africa,Opponent,81 runss,SuperSport Park,2011,Away
2011-12-26,Test,South Africa,Sri Lanka,208 runss,Kingsmead,2011,Away
2012-01-03,Test,South Africa,Opponent,10 wicketss,Newlands,2012,Away
2012-01-11,ODI,South Africa,Opponent,258 runss,Boland Park,2012,Away
2012-01-14,ODI,South Africa,Opponent,5 wicketss,Buffalo Park,2012,Away
2012-01-17,ODI,South Africa,Opponent,4 runss,Chevrolet Park,2012,Away
2012-01-20,ODI,South Africa,Sri Lanka,5 wicketss,De Beers Diamond Oval,2012,Away
2012-01-22,ODI,South Africa,Sri Lanka,2 wicketss,New Wanderers Stadium,2012,Away
2012-02-08,ODI,India,Opponent,4 wicketss,Western Australia Cricket Association Ground,2012,Away
2012-02-10,ODI,Australia,Opponent,5 runss,Western Australia Cricket Association Ground,2012,Away
2012-02-14,ODI,India,Tie,,Adelaide Oval,2012,Away
2012-02-17,ODI,Australia,Sri Lanka,8 wicketss,Sydney Cricket Ground,2012,Away
2012-02-21,ODI,India,Sri Lanka,51 runss,"Brisbane Cricket Ground, Woolloongabba",2012,Away
2012-02-24,ODI,Australia,Sri Lanka,3 wicketss,Bellerive Oval,2012,Away
2012-02-28,ODI,India,Opponent,7 wicketss,Bellerive Oval,2012,Away
2012-03-02,ODI,Australia,Sri Lanka,9 runss,Melbourne Cricket Ground,2012,Away
2012-03-04,ODI,Australia,Opponent,15 runss,"Brisbane Cricket Ground, Woolloongabba",2012,Away
2012-03-06,ODI,Australia,Sri Lanka,8 wicketss,Adelaide Oval,2012,Away
2012-03-08,ODI,Australia,Opponent,16 runss,Adelaide Oval,2012,Away
2012-03-13,ODI,India,Opponent,50 runss,Shere Bangla National Stadium,2012,Away
2012-03-15,ODI,Pakistan,Opponent,6 wicketss,Shere Bangla National Stadium,2012,Away
2012-03-20,ODI,Bangladesh,Opponent,5 wicketss,Shere Bangla National Stadium,2012,Away
2012-03-26,Test,England,Sri Lanka,75 runss,Galle International Stadium,2012,Home
2012-04-03,Test,England,Opponent,8 wicketss,P Sara Oval,2012,Home
2012-06-01,T20,Pakistan,Sri Lanka,37 runss,"Mahinda Rajapaksa International Cricket Stadium, Sooriyawewa",2012,Away
2012-06-03,T20,Pakistan,Opponent,23 runss,"Mahinda Rajapaksa International Cricket Stadium, Sooriyawewa",2012,Away
2012-06-07,ODI,Pakistan,Opponent,6 wicketss,Pallekele International Cricket Stadium,2012,Home
2012-06-09,ODI,Pakistan,Sri Lanka,76 runss,Pallekele International Cricket Stadium,2012,Home
2012-06-13,ODI,Pakistan,No Result,,R Premadasa Stadium,2012,Home
2012-06-16,ODI,Pakistan,Sri Lanka,44 runss,R Premadasa Stadium,2012,Home
2012-06-18,ODI,Pakistan,Sri Lanka,2 wicketss,R Premadasa Stadium,2012,Home
2012-06-22,Test,Pakistan,Sri Lanka,209 runss,Galle International Stadium,2012,Home
2012-06-30,Test,Pakistan,Draw,,Sinhalese Sports Club Ground,2012,Home
2012-07-08,Test,Pakistan,Draw,,Pallekele International Cricket Stadium,2012,Home
2012-07-21,ODI,India,Opponent,21 runss,"Mahinda Rajapaksa International Cricket Stadium, Sooriyawewa",2012,Away
2012-07-24,ODI,India,Sri Lanka,9 wicketss,"Mahinda Rajapaksa International Cricket Stadium, Sooriyawewa",2012,Away
2012-07-28,ODI,India,Opponent,5 wicketss,R Premadasa Stadium,2012,Home
2012-07-31,ODI,India,Opponent,6 wicketss,R Premadasa Stadium,2012,Home
2012-08-04,ODI,India,Opponent,20 runss,Pallekele International Cricket Stadium,2012,Home
2012-08-07,T20,India,Opponent,39 runss,Pallekele International Cricket Stadium,2012,Home
2012-09-18,T20,Zimbabwe,Sri Lanka,82 runss,"Mahinda Rajapaksa International Cricket Stadium, Sooriyawewa",2012,Away
2012-09-22,T20,South Africa,Opponent,32 runss,"Mahinda Rajapaksa International Cricket Stadium, Sooriyawewa",2012,Away
2012-09-26,T20,South Africa,Opponent,6 wicketss,Galle International Stadium,2012,Home
2012-09-27,T20,New Zealand,Tie,,Pallekele International Cricket Stadium,2012,Home
2012-09-28,T20,West Indies,Sri Lanka,5 runss,Galle International Stadium,2012,Home
2012-09-29,T20,West Indies,Sri Lanka,9 wicketss,Pallekele International Cricket Stadium,2012,Home
2012-09-30,T20,New Zealand,Opponent,8 wicketss,Galle International Stadium,2012,Home
2012-10-01,T20,England,Sri Lanka,19 runss,Pallekele International Cricket Stadium,2012,Home
2012-10-03,T20,India,Opponent,9 wicketss,Nondescripts Cricket Club Ground,2012,Away
2012-10-04,T20,Pakistan,Sri Lanka,16 runss,R Premadasa Stadium,2012,Home
2012-10-07,T20,West Indies,Opponent,36 runss,R Premadasa Stadium,2012,Home
2012-10-28,T20,Bangladesh,Opponent,5 runss,Guanggong International Cricket Stadium,2012,Away
2012-10-30,T20,New Zealand,No Result,,Pallekele International Cricket Stadium,2012,Home
2012-11-04,ODI,New Zealand,Sri Lanka,14 runss,Pallekele International Cricket Stadium,2012,Home
2012-11-06,ODI,New Zealand,Sri Lanka,7 wicketss,Pallekele International Cricket Stadium,2012,Home
2012-11-10,ODI,New Zealand,Sri Lanka,7 wicketss,"Mahinda Rajapaksa International Cricket Stadium, Sooriyawewa",2012,Away
2012-11-12,ODI,New Zealand,No Result,,"Mahinda Rajapaksa International Cricket Stadium, Sooriyawewa",2012,Away
2012-11-17,Test,New Zealand,Sri Lanka,10 wicketss,Galle International Stadium,2012,Home
2012-11-25,Test,New Zealand,Opponent,167 runss,P Sara Oval,2012,Home
2012-12-14,Test,Australia,Opponent,137 runss,Bellerive Oval,2012,Away
2012-12-26,Test,Australia,Opponent,201 runss,Melbourne Cricket Ground,2012,Away
2013-01-03,Test,Australia,Opponent,5 wicketss,Sydney Cricket Ground,2013,Away
2013-01-11,ODI,Australia,Opponent,107 runss,Melbourne Cricket Ground,2013,Away
2013-01-13,ODI,Australia,Sri Lanka,8 wicketss,Adelaide Oval,2013,Away
2013-01-18,ODI,Australia,Sri Lanka,4 wicketss,"Brisbane Cricket Ground, Woolloongabba",2013,Away
2013-01-20,ODI,Australia,No Result,,Sydney Cricket Ground,2013,Away
2013-01-23,ODI,Australia,Opponent,32 runss,Bellerive Oval,2013,Away
2013-01-26,T20,Australia,Sri Lanka,5 wicketss,Stadium Australia,2013,Away
2013-01-28,T20,Australia,Sri Lanka,2 runss,Melbourne Cricket Ground,2013,Away
2013-02-01,ODI,England,Sri Lanka,1 wicketss,Brabourne Stadium,2013,Away
2013-02-05,ODI,India,Sri Lanka,138 runss,Brabourne Stadium,2013,Away
2013-02-10,ODI,Australia,Opponent,9 wicketss,Brabourne Stadium,2013,Away
2013-02-22,ODI,West Indies,Opponent,4 wicketss,Rangiri Dambulla International Stadium,2013,Home
2013-02-24,ODI,West Indies,Sri Lanka,4 wicketss,Rangiri Dambulla International Stadium,2013,Home
2013-02-26,ODI,West Indies,Opponent,33 runss,Rangiri Dambulla International Stadium,2013,Home
2013-03-03,T20,West Indies,Opponent,6 wicketss,R Premadasa Stadium,2013,Home
2013-03-05,T20,West Indies,Opponent,34 runss,R Premadasa Stadium,2013,Home
2013-03-08,Test,Bangladesh,Draw,,Galle International Stadium,2013,Home
2013-03-08,T20,West Indies,Opponent,7 runss,R Premadasa Stadium,2013,Home
2013-03-16,Test,Bangladesh,Sri Lanka,7 wicketss,R Premadasa Stadium,2013,Home
2013-03-23,ODI,Bangladesh,Sri Lanka,8 wicketss,"Mahinda Rajapaksa International Cricket Stadium, Sooriyawewa",2013,Away
2013-03-25,ODI,Bangladesh,No Result,,"Mahinda Rajapaksa International Cricket Stadium, Sooriyawewa",2013,Away
2013-03-28,ODI,Bangladesh,Opponent,3 wicketss,Pallekele International Cricket Stadium,2013,Home
2013-03-31,T20,Bangladesh,Sri Lanka,17 runss,Pallekele International Cricket Stadium,2013,Home
2013-06-09,ODI,New Zealand,Opponent,1 wicketss,Sophia Gardens,2013,Away
2013-06-13,ODI,England,Sri Lanka,7 wicketss,Kennington Oval,2013,Away
2013-06-17,ODI,Australia,Sri Lanka,20 runss,Kennington Oval,2013,Away
2013-06-20,ODI,India,Opponent,8 wicketss,Sophia Gardens,2013,Away
2013-06-28,ODI,West Indies,Opponent,6 wicketss,"Sabina Park, Kingston",2013,Away
2013-07-02,ODI,India,Sri Lanka,161 runss,"Sabina Park, Kingston",2013,Away
2013-07-07,ODI,West Indies,Sri Lanka,39 runss,"Queen's Park Oval, Port of Spain",2013,Away
2013-07-09,ODI,India,Opponent,81 runss,"Queen's Park Oval, Port of Spain",2013,Away
2013-07-11,ODI,India,Opponent,1 wicketss,"Queen's Park Oval, Port of Spain",2013,Away
2013-07-20,ODI,South Africa,Sri Lanka,180 runss,R Premadasa Stadium,2013,Home
2013-07-23,ODI,South Africa,Sri Lanka,17 runss,R Premadasa Stadium,2013,Home
2013-07-26,ODI,South Africa,Opponent,56 runss,Pallekele International Cricket Stadium,2013,Home
2013-07-28,ODI,South Africa,Sri Lanka,8 wicketss,Pallekele International Cricket Stadium,2013,Home
2013-07-31,ODI,South Africa,Sri Lanka,128 runss,R Premadasa Stadium,2013,Home
2013-07-31,T20,Pakistan,No Result,,YMCA Cricket Club,2013,Away
2013-08-02,T20,South Africa,Opponent,12 runss,R Premadasa Stadium,2013,Home
2013-08-04,T20,South Africa,Opponent,22 runss,"Mahinda Rajapaksa International Cricket Stadium, Sooriyawewa",2013,Away
2013-08-06,T20,South Africa,Sri Lanka,6 wicketss,"Mahinda Rajapaksa International Cricket Stadium, Sooriyawewa",2013,Away
2013-10-26,ODI,South Africa,Opponent,67 runss,Senwes Park,2013,Away
2013-10-28,ODI,South Africa,No Result,,Senwes Park,2013,Away
2013-10-31,T20,South Africa,Opponent,7 wicketss,Senwes Park,2013,Away
2013-11-02,T20,South Africa,Sri Lanka,20 runss,Senwes Park,2013,Away
2013-11-04,T20,South Africa,Opponent,5 wicketss,Senwes Park,2013,Away
2013-11-10,ODI,New Zealand,No Result,,"Mahinda Rajapaksa International Cricket Stadium, Sooriyawewa",2013,Away
2013-11-12,ODI,New Zealand,Opponent,4 wicketss,"Mahinda Rajapaksa International Cricket Stadium, Sooriyawewa",2013,Away
2013-11-16,ODI,New Zealand,Sri Lanka,36 runss,Rangiri Dambulla International Stadium,2013,Home
2013-11-21,T20,New Zealand,Sri Lanka,8 wicketss,Pallekele International Cricket Stadium,2013,Home
2013-12-11,T20,Pakistan,Opponent,3 wicketss,Dubai International Cricket Stadium,2013,Away
2013-12-13,T20,Pakistan,Sri Lanka,24 runss,Dubai International Cricket Stadium,2013,Away
2013-12-18,ODI,Pakistan,Opponent,11 runss,Sharjah Cricket Stadium,2013,Away
2013-12-20,ODI,Pakistan,Sri Lanka,2 wicketss,Dubai International Cricket Stadium,2013,Away
2013-12-22,ODI,Pakistan,Opponent,113 runss,Sharjah Cricket Stadium,2013,Away
2013-12-25,ODI,Pakistan,Opponent,8 wicketss,Sheikh Zayed Stadium,2013,Away
2013-12-27,ODI,Pakistan,Sri Lanka,2 wicketss,Sheikh Zayed Stadium,2013,Away
2013-12-31,Test,Pakistan,Draw,,Sheikh Zayed Stadium,2013,Away
2014-01-08,Test,Pakistan,Sri Lanka,9 wicketss,Dubai International Cricket Stadium,2014,Away
2014-01-16,Test,Pakistan,Opponent,5 wicketss,Sharjah Cricket Stadium,2014,Away
2014-01-27,Test,Bangladesh,Sri Lanka,248 runss,Shere Bangla National Stadium,2014,Away
2014-02-04,Test,Bangladesh,Draw,,Zahur Ahmed Chowdhury Stadium,2014,Away
2014-02-12,T20,Bangladesh,Sri Lanka,2 runss,Zahur Ahmed Chowdhury Stadium,2014,Away
2014-02-14,T20,Bangladesh,Sri Lanka,3 wicketss,Zahur Ahmed Chowdhury Stadium,2014,Away
2014-02-17,ODI,Bangladesh,Sri Lanka,13 runss,Shere Bangla National Stadium,2014,Away
2014-02-20,ODI,Bangladesh,Sri Lanka,61 runss,Shere Bangla National Stadium,2014,Away
2014-02-22,ODI,Bangladesh,Sri Lanka,6 wicketss,Shere Bangla National Stadium,2014,Away
2014-02-25,ODI,Pakistan,Sri Lanka,12 runss,Khan Shaheb Osman Ali Stadium,2014,Away
2014-02-28,ODI,India,Sri Lanka,2 wicketss,Khan Shaheb Osman Ali Stadium,2014,Away
2014-03-06,ODI,Bangladesh,Sri Lanka,3 wicketss,Shere Bangla National Stadium,2014,Away
2014-03-08,ODI,Pakistan,Sri Lanka,5 wicketss,Shere Bangla National Stadium,2014,Away
2014-03-22,T20,South Africa,Sri Lanka,5 runss,Zahur Ahmed Chowdhury Stadium,2014,Away
2014-03-24,T20,India,Sri Lanka,22 runss,Sylhet Stadium,2014,Away
2014-03-24,T20,Netherlands,Sri Lanka,9 wicketss,Zahur Ahmed Chowdhury Stadium,2014,Away
2014-03-27,T20,England,Opponent,6 wicketss,Zahur Ahmed Chowdhury Stadium,2014,Away
2014-03-28,T20,West Indies,Opponent,8 wicketss,Sylhet Stadium,2014,Away
2014-03-30,T20,England,Opponent,7 wicketss,Sylhet Stadium,2014,Away
2014-03-31,T20,New Zealand,Sri Lanka,59 runss,Zahur Ahmed Chowdhury Stadium,2014,Away
2014-04-01,T20,Bangladesh,Opponent,3 runss,Sylhet Stadium,2014,Away
2014-04-02,T20,New Zealand,Opponent,6 wicketss,Sylhet Stadium,2014,Away
2014-04-03,T20,Pakistan,Opponent,14 runss,Sylhet Stadium,2014,Away
2014-04-03,T20,West Indies,Sri Lanka,27 runss,Shere Bangla National Stadium,2014,Away
2014-04-06,T20,India,Sri Lanka,6 wicketss,Shere Bangla National Stadium,2014,Away
2014-05-06,ODI,Ireland,Sri Lanka,79 runss,"Clontarf Cricket Club Ground, Dublin",2014,Away
2014-05-20,T20,England,Sri Lanka,9 runss,Kennington Oval,2014,Away
2014-05-22,ODI,England,Opponent,81 runss,Kennington Oval,2014,Away
2014-05-25,ODI,England,Sri Lanka,157 runss,Riverside Ground,2014,Away
2014-05-28,ODI,England,Opponent,10 wicketss,Old Trafford,2014,Away
2014-05-31,ODI,England,Sri Lanka,7 runss,Lord's,2014,Away
2014-06-03,ODI,England,Sri Lanka,6 wicketss,Edgbaston,2014,Away
2014-06-12,Test,England,Draw,,Lord's,2014,Away
2014-06-20,Test,England,Sri Lanka,100 runss,Headingley,2014,Away
2014-07-06,ODI,South Africa,Opponent,75 runss,R Premadasa Stadium,2014,Home
2014-07-09,ODI,South Africa,Sri Lanka,87 runss,Pallekele International Cricket Stadium,2014,Home
2014-07-12,ODI,South Africa,Opponent,82 runss,"Mahinda Rajapaksa International Cricket Stadium, Sooriyawewa",2014,Away
2014-07-16,Test,South Africa,Opponent,153 runss,Galle International Stadium,2014,Home
2014-07-24,Test,South Africa,Draw,,Sinhalese Sports Club Ground,2014,Home
2014-08-06,Test,Pakistan,Sri Lanka,7 wicketss,Galle International Stadium,2014,Home
2014-08-14,Test,Pakistan,Sri Lanka,105 runss,Sinhalese Sports Club Ground,2014,Home
2014-08-23,ODI,Pakistan,Opponent,4 wicketss,"Mahinda Rajapaksa International Cricket Stadium, Sooriyawewa",2014,Away
2014-08-26,ODI,Pakistan,Sri Lanka,77 runss,"Mahinda Rajapaksa International Cricket Stadium, Sooriyawewa",2014,Away
2014-08-30,ODI,Pakistan,Sri Lanka,7 wicketss,Rangiri Dambulla International Stadium,2014,Home
2014-10-17,ODI,South Africa,No Result,,Sinhalese Sports Club Ground,2014,Home
2014-10-19,ODI,South Africa,Sri Lanka,4 wicketss,Sinhalese Sports Club Ground,2014,Home
2014-10-21,ODI,South Africa,Opponent,5 wicketss,Sinhalese Sports Club Ground,2014,Home
2014-10-23,T20,South Africa,Sri Lanka,7 runss,Colts Cricket Club Ground,2014,Away
2014-10-25,T20,South Africa,Opponent,7 wicketss,Colts Cricket Club Ground,2014,Away
2014-10-26,T20,South Africa,Opponent,9 wicketss,Mercantile Cricket Association Ground,2014,Away
2014-11-02,ODI,India,Opponent,169 runss,Barabati Stadium,2014,Away
2014-11-06,ODI,India,Opponent,6 wicketss,"Sardar Patel Stadium, Motera",2014,Away
2014-11-09,ODI,India,Opponent,6 wicketss,"Rajiv Gandhi International Stadium, Uppal",2014,Away
2014-11-13,ODI,India,Opponent,153 runss,Eden Gardens,2014,Away
2014-11-16,ODI,India,Opponent,3 wicketss,JSCA International Stadium Complex,2014,Away
2014-11-26,ODI,England,Sri Lanka,25 runss,R Premadasa Stadium,2014,Home
2014-11-29,ODI,England,Sri Lanka,8 wicketss,R Premadasa Stadium,2014,Home
2014-12-03,ODI,England,Opponent,5 wicketss,"Mahinda Rajapaksa International Cricket Stadium, Sooriyawewa",2014,Away
2014-12-07,ODI,England,Sri Lanka,6 wicketss,R Premadasa Stadium,2014,Home
2014-12-10,ODI,England,Opponent,5 wicketss,Pallekele International Cricket Stadium,2014,Home
2014-12-13,ODI,England,Sri Lanka,90 runss,Pallekele International Cricket Stadium,2014,Home
2014-12-16,ODI,England,Sri Lanka,87 runss,R Premadasa Stadium,2014,Home
2014-12-26,Test,New Zealand,Opponent,8 wicketss,Hagley Oval,2014,Away
2015-01-03,Test,New Zealand,Opponent,193 runss,Basin Reserve,2015,Away
2015-01-11,ODI,New Zealand,Opponent,3 wicketss,Hagley Oval,2015,Away
2015-01-11,ODI,Pakistan,Opponent,12 runss,Sharjah Cricket Stadium,2015,Away
2015-01-13,ODI,Pakistan,Opponent,7 wicketss,Sharjah Cricket Stadium,2015,Away
2015-01-15,ODI,New Zealand,Sri Lanka,6 wicketss,Seddon Park,2015,Away
2015-01-16,T20,Pakistan,Opponent,55 runss,Sharjah Cricket Stadium,2015,Away
2015-01-17,T20,Pakistan,Sri Lanka,5 wicketss,Sharjah Cricket Stadium,2015,Away
2015-01-17,ODI,New Zealand,No Result,,Eden Park,2015,Away
2015-01-20,ODI,New Zealand,Opponent,4 wicketss,Saxton Oval,2015,Away
2015-01-23,ODI,New Zealand,Opponent,108 runss,University Oval,2015,Away
2015-01-25,ODI,New Zealand,Opponent,120 runss,University Oval,2015,Away
2015-01-29,ODI,New Zealand,Sri Lanka,34 runss,Westpac Stadium,2015,Away
2015-02-14,ODI,New Zealand,Opponent,98 runss,Hagley Oval,2015,Away
2015-02-26,ODI,Bangladesh,Sri Lanka,92 runss,Melbourne Cricket Ground,2015,Away
2015-03-01,ODI,England,Sri Lanka,9 wicketss,Westpac Stadium,2015,Away
2015-03-08,ODI,Australia,Opponent,64 runss,Sydney Cricket Ground,2015,Away
2015-03-11,ODI,Scotland,Sri Lanka,148 runss,Bellerive Oval,2015,Away
2015-03-18,ODI,South Africa,Opponent,9 wicketss,Sydney Cricket Ground,2015,Away
2015-05-23,T20,West Indies,Sri Lanka,5 runss,R Premadasa Stadium,2015,Home
2015-05-25,T20,West Indies,Opponent,8 wicketss,R Premadasa Stadium,2015,Home
2015-05-26,T20,West Indies,Opponent,9 wicketss,R Premadasa Stadium,2015,Home
2015-06-17,Test,Pakistan,Opponent,10 wicketss,Galle International Stadium,2015,Home
2015-06-25,Test,Pakistan,Sri Lanka,7 wicketss,P Sara Oval,2015,Home
2015-07-03,Test,Pakistan,Opponent,7 wicketss,Pallekele International Cricket Stadium,2015,Home
2015-07-11,ODI,Pakistan,Opponent,6 wicketss,Rangiri Dambulla International Stadium,2015,Home
2015-07-15,ODI,Pakistan,Sri Lanka,2 wicketss,Pallekele International Cricket Stadium,2015,Home
2015-07-19,ODI,Pakistan,Opponent,135 runss,R Premadasa Stadium,2015,Home
2015-07-22,ODI,Pakistan,Opponent,7 wicketss,R Premadasa Stadium,2015,Home
2015-07-26,ODI,Pakistan,Sri Lanka,165 runss,"Mahinda Rajapaksa International Cricket Stadium, Sooriyawewa",2015,Away
2015-07-30,T20,Pakistan,Opponent,29 runss,R Premadasa Stadium,2015,Home
2015-08-01,T20,Pakistan,Opponent,1 wicketss,R Premadasa Stadium,2015,Home
2015-08-12,Test,India,Sri Lanka,63 runss,Galle International Stadium,2015,Home
2015-08-20,Test,India,Opponent,278 runss,P Sara Oval,2015,Home
2015-08-28,Test,India,Opponent,117 runss,Sinhalese Sports Club Ground,2015,Home
2015-10-14,Test,West Indies,Sri Lanka,6 runss,Galle International Stadium,2015,Home
2015-10-22,Test,West Indies,Sri Lanka,72 runss,P Sara Oval,2015,Home
2015-11-01,ODI,West Indies,Sri Lanka,1 wicketss,R Premadasa Stadium,2015,Home
2015-11-03,ODI,New Zealand,Opponent,96 runss,Bert Sutcliffe Oval,2015,Away
2015-11-04,ODI,West Indies,Sri Lanka,8 wicketss,R Premadasa Stadium,2015,Home
2015-11-05,ODI,New Zealand,Opponent,10 wicketss,Bert Sutcliffe Oval,2015,Away
2015-11-07,ODI,West Indies,Sri Lanka,19 runss,Pallekele International Cricket Stadium,2015,Home
2015-11-09,T20,West Indies,Sri Lanka,30 runss,Pallekele International Cricket Stadium,2015,Home
2015-11-11,T20,West Indies,Opponent,23 runss,R Premadasa Stadium,2015,Home
2015-12-10,Test,New Zealand,Opponent,122 runss,University Oval,2015,Away
2015-12-18,Test,New Zealand,Opponent,5 wicketss,Seddon Park,2015,Away
2015-12-26,ODI,New Zealand,Opponent,7 wicketss,Hagley Oval,2015,Away
2015-12-28,ODI,New Zealand,Opponent,10 wicketss,Hagley Oval,2015,Away
2015-12-31,ODI,New Zealand,Sri Lanka,8 wicketss,Saxton Oval,2015,Away
2016-01-02,ODI,New Zealand,No Result,,Saxton Oval,2016,Away
2016-01-05,ODI,New Zealand,Opponent,36 runss,Bay Oval,2016,Away
2016-01-07,T20,New Zealand,Opponent,3 runss,Bay Oval,2016,Away
2016-01-10,T20,New Zealand,Opponent,9 wicketss,Eden Park,2016,Away
2016-02-09,T20,India,Sri Lanka,5 wicketss,Maharashtra Cricket Association Stadium,2016,Away
2016-02-12,T20,India,Opponent,69 runss,JSCA International Stadium Complex,2016,Away
2016-02-14,T20,India,Opponent,9 wicketss,Dr. Y.S. Rajasekhara Reddy ACA-VDCA Cricket Stadium,2016,Away
2016-02-25,T20,United Arab Emirates,Sri Lanka,14 runss,Shere Bangla National Stadium,2016,Away
2016-02-28,T20,Bangladesh,Opponent,23 runss,Shere Bangla National Stadium,2016,Away
2016-03-01,T20,India,Opponent,5 wicketss,Shere Bangla National Stadium,2016,Away
2016-03-04,T20,Pakistan,Opponent,6 wicketss,Shere Bangla National Stadium,2016,Away
2016-03-15,T20,New Zealand,Opponent,7 wicketss,Feroz Shah Kotla,2016,Away
2016-03-20,T20,Ireland,Sri Lanka,14 runss,"Punjab Cricket Association IS Bindra Stadium, Mohali",2016,Away
2016-03-20,T20,West Indies,Opponent,7 wicketss,M Chinnaswamy Stadium,2016,Away
2016-03-24,T20,Australia,Opponent,9 wicketss,Feroz Shah Kotla,2016,Away
2016-03-26,T20,England,Opponent,10 runss,Feroz Shah Kotla,2016,Away
2016-03-28,T20,South Africa,Opponent,8 wicketss,Feroz Shah Kotla,2016,Away
2016-03-28,T20,South Africa,Sri Lanka,10 runss,M Chinnaswamy Stadium,2016,Away
2016-05-19,Test,England,Opponent,88 runss,Headingley,2016,Away
2016-05-27,Test,England,Opponent,9 wicketss,Riverside Ground,2016,Away
2016-06-09,Test,England,Draw,,Lord's,2016,Away
2016-06-18,ODI,Ireland,Sri Lanka,136 runss,"The Village, Malahide",2016,Away
2016-06-21,ODI,England,Tie,,Trent Bridge,2016,Away
2016-06-24,ODI,England,Opponent,10 wicketss,Edgbaston,2016,Away
2016-06-26,ODI,England,No Result,,County Ground,2016,Away
2016-06-29,ODI,England,Opponent,6 wicketss,Kennington Oval,2016,Away
2016-07-02,ODI,England,Opponent,122 runss,Sophia Gardens,2016,Away
2016-07-05,T20,England,Opponent,8 wicketss,The Rose Bowl,2016,Away
2016-07-26,Test,Australia,Sri Lanka,106 runss,Pallekele International Cricket Stadium,2016,Home
2016-08-04,Test,Australia,Sri Lanka,229 runss,Galle International Stadium,2016,Home
2016-08-13,Test,Australia,Sri Lanka,163 runss,Sinhalese Sports Club Ground,2016,Home
2016-08-21,ODI,Australia,Opponent,3 wicketss,R Premadasa Stadium,2016,Home
2016-08-24,ODI,Australia,Sri Lanka,82 runss,R Premadasa Stadium,2016,Home
2016-08-28,ODI,Australia,Opponent,2 wicketss,Rangiri Dambulla International Stadium,2016,Home
2016-08-31,ODI,Australia,Opponent,6 wicketss,Rangiri Dambulla International Stadium,2016,Home
2016-09-04,ODI,Australia,Opponent,5 wicketss,Pallekele International Cricket Stadium,2016,Home
2016-09-06,T20,Australia,Opponent,85 runss,Pallekele International Cricket Stadium,2016,Home
2016-09-09,T20,Australia,Opponent,4 wicketss,R Premadasa Stadium,2016,Home
2016-09-18,ODI,Australia,Opponent,4 wicketss,Rangiri Dambulla International Stadium,2016,Home
2016-09-25,ODI,Australia,Opponent,137 runss,Khettarama Stadium,2016,Home
2016-09-27,T20,Australia,Opponent,10 wicketss,Sinhalese Sports Club Ground,2016,Home
2016-10-29,Test,Zimbabwe,Sri Lanka,225 runss,Harare Sports Club,2016,Away
2016-11-06,Test,Zimbabwe,Sri Lanka,257 runss,Harare Sports Club,2016,Away
2016-11-09,ODI,England,Opponent,8 wicketss,Sinhalese Sports Club Ground,2016,Home
2016-11-14,ODI,Zimbabwe,Sri Lanka,8 wicketss,Harare Sports Club,2016,Away
2016-11-15,ODI,England,Opponent,5 wicketss,R Premadasa Stadium,2016,Home
2016-11-16,ODI,West Indies,Opponent,62 runss,Harare Sports Club,2016,Away
2016-11-17,ODI,England,Opponent,162 runss,R Premadasa Stadium,2016,Home
2016-11-21,ODI,Zimbabwe,No Result,,Queens Sports Club,2016,Away
2016-11-23,ODI,West Indies,Sri Lanka,1 runss,Queens Sports Club,2016,Away
2016-11-27,ODI,Zimbabwe,Sri Lanka,6 wicketss,Queens Sports Club,2016,Away
2016-12-26,Test,South Africa,Opponent,206 runss,St George's Park,2016,Away
2017-01-02,Test,South Africa,Opponent,282 runss,Newlands,2017,Away
2017-01-12,Test,South Africa,Opponent,118 runss,New Wanderers Stadium,2017,Away
2017-01-20,T20,South Africa,Opponent,19 runss,SuperSport Park,2017,Away
2017-01-22,T20,South Africa,Sri Lanka,3 wicketss,New Wanderers Stadium,2017,Away
2017-01-25,T20,South Africa,Sri Lanka,5 wicketss,Newlands,2017,Away
2017-01-28,ODI,South Africa,Opponent,8 wicketss,St George's Park,2017,Away
2017-02-01,ODI,South Africa,Opponent,121 runss,Kingsmead,2017,Away
2017-02-04,ODI,South Africa,Opponent,7 wicketss,New Wanderers Stadium,2017,Away
2017-02-07,ODI,South Africa,Opponent,40 runss,Newlands,2017,Away
2017-02-07,ODI,India,Opponent,114 runss,P Sara Oval,2017,Home
2017-02-08,ODI,Ireland,Sri Lanka,146 runss,Nondescripts Cricket Club Ground,2017,Away
2017-02-10,ODI,South Africa,Opponent,88 runss,SuperSport Park,2017,Away
2017-02-15,ODI,Pakistan,Sri Lanka,5 wicketss,Nondescripts Cricket Club Ground,2017,Away
2017-02-17,ODI,South Africa,Opponent,9 wicketss,P Sara Oval,2017,Home
2017-02-17,T20,Australia,Sri Lanka,5 wicketss,Melbourne Cricket Ground,2017,Away
2017-02-19,ODI,Bangladesh,Sri Lanka,42 runss,Nondescripts Cricket Club Ground,2017,Away
2017-02-19,T20,Australia,Sri Lanka,2 wicketss,"Simonds Stadium, South Geelong",2017,Away
2017-02-22,T20,Australia,Opponent,41 runss,Adelaide Oval,2017,Away
2017-03-07,Test,Bangladesh,Sri Lanka,259 runss,Galle International Stadium,2017,Home
2017-03-15,Test,Bangladesh,Opponent,4 wicketss,P Sara Oval,2017,Home
2017-03-25,ODI,Bangladesh,Opponent,90 runss,Rangiri Dambulla International Stadium,2017,Home
2017-03-28,ODI,Bangladesh,No Result,,Rangiri Dambulla International Stadium,2017,Home
2017-04-01,ODI,Bangladesh,Sri Lanka,70 runss,Sinhalese Sports Club Ground,2017,Home
2017-04-04,T20,Bangladesh,Sri Lanka,6 wicketss,R Premadasa Stadium,2017,Home
2017-04-06,T20,Bangladesh,Opponent,45 runss,R Premadasa Stadium,2017,Home
2017-06-03,ODI,South Africa,Opponent,96 runss,Kennington Oval,2017,Away
2017-06-08,ODI,India,Sri Lanka,7 wicketss,Kennington Oval,2017,Away
2017-06-12,ODI,Pakistan,Opponent,3 wicketss,Sophia Gardens,2017,Away
2017-06-24,ODI,New Zealand,Opponent,9 wicketss,County Ground,2017,Away
2017-06-29,ODI,Australia,Opponent,8 wicketss,County Ground,2017,Away
2017-06-30,ODI,Zimbabwe,Opponent,6 wicketss,Galle International Stadium,2017,Home
2017-07-02,ODI,Zimbabwe,Sri Lanka,7 wicketss,Galle International Stadium,2017,Home
2017-07-02,ODI,England,Opponent,7 wicketss,County Ground,2017,Away
2017-07-05,ODI,India,Opponent,16 runss,County Ground,2017,Away
2017-07-06,ODI,Zimbabwe,Sri Lanka,8 wicketss,"Mahinda Rajapaksa International Cricket Stadium, Sooriyawewa",2017,Away
2017-07-08,ODI,Zimbabwe,Opponent,4 wicketss,"Mahinda Rajapaksa International Cricket Stadium, Sooriyawewa",2017,Away
2017-07-09,ODI,West Indies,Opponent,47 runss,County Ground,2017,Away
2017-07-10,ODI,Zimbabwe,Opponent,3 wicketss,"Mahinda Rajapaksa International Cricket Stadium, Sooriyawewa",2017,Away
2017-07-12,ODI,South Africa,Opponent,8 wicketss,County Ground,2017,Away
2017-07-14,Test,Zimbabwe,Sri Lanka,4 wicketss,"R.Premadasa Stadium, Khettarama",2017,Home
2017-07-15,ODI,Pakistan,Sri Lanka,15 runss,Grace Road,2017,Away
2017-07-26,Test,India,Opponent,304 runss,Galle International Stadium,2017,Home
2017-08-03,Test,India,Opponent,53 runss,Sinhalese Sports Club Ground,2017,Home
2017-08-12,Test,India,Opponent,171 runss,Pallekele International Cricket Stadium,2017,Home
2017-08-20,ODI,India,Opponent,9 wicketss,Rangiri Dambulla International Stadium,2017,Home
2017-08-24,ODI,India,Opponent,3 wicketss,Pallekele International Cricket Stadium,2017,Home
2017-08-27,ODI,India,Opponent,6 wicketss,Pallekele International Cricket Stadium,2017,Home
2017-08-31,ODI,India,Opponent,168 runss,"R.Premadasa Stadium, Khettarama",2017,Home
2017-09-03,ODI,India,Opponent,6 wicketss,"R.Premadasa Stadium, Khettarama",2017,Home
2017-09-06,T20,India,Opponent,7 wicketss,"R.Premadasa Stadium, Khettarama",2017,Home
2017-09-28,Test,Pakistan,Sri Lanka,21 runss,Sheikh Zayed Stadium,2017,Away
2017-10-06,Test,Pakistan,Sri Lanka,68 runss,Dubai International Cricket Stadium,2017,Away
2017-10-13,ODI,Pakistan,Opponent,83 runss,Dubai International Cricket Stadium,2017,Away
2017-10-16,ODI,Pakistan,Opponent,32 runss,Sheikh Zayed Stadium,2017,Away
2017-10-18,ODI,Pakistan,Opponent,7 wicketss,Sheikh Zayed Stadium,2017,Away
2017-10-20,ODI,Pakistan,Opponent,7 wicketss,Sharjah Cricket Stadium,2017,Away
2017-10-21,T20,West Indies,Opponent,47 runss,Coolidge Cricket Ground,2017,Away
2017-10-23,ODI,Pakistan,Opponent,9 wicketss,Sharjah Cricket Stadium,2017,Away
2017-10-26,T20,Pakistan,Opponent,7 wicketss,Sheikh Zayed Stadium,2017,Away
2017-10-27,T20,Pakistan,Opponent,2 wicketss,Sheikh Zayed Stadium,2017,Away
2017-10-29,T20,Pakistan,Opponent,36 runss,Gaddafi Stadium,2017,Away
2017-11-16,Test,India,Draw,,Eden Gardens,2017,Away
2017-11-24,Test,India,Opponent,239 runss,"Vidarbha Cricket Association Stadium, Jamtha",2017,Away
2017-12-02,Test,India,Draw,,Arun Jaitley Stadium,2017,Away
2017-12-10,ODI,India,Sri Lanka,7 wicketss,Himachal Pradesh Cricket Association Stadium,2017,Away
2017-12-13,ODI,India,Opponent,141 runss,"Punjab Cricket Association IS Bindra Stadium, Mohali",2017,Away
2017-12-17,ODI,India,Opponent,8 wicketss,Dr. Y.S. Rajasekhara Reddy ACA-VDCA Cricket Stadium,2017,Away
2017-12-20,T20,India,Opponent,93 runss,Barabati Stadium,2017,Away
2017-12-22,T20,India,Opponent,88 runss,Holkar Cricket Stadium,2017,Away
2017-12-24,T20,India,Opponent,5 wicketss,Wankhede Stadium,2017,Away
2018-01-17,ODI,Zimbabwe,Opponent,12 runss,"Shere Bangla National Stadium, Mirpur",2018,Away
2018-01-19,ODI,Bangladesh,Opponent,163 runss,"Shere Bangla National Stadium, Mirpur",2018,Away
2018-01-21,ODI,Zimbabwe,Sri Lanka,5 wicketss,"Shere Bangla National Stadium, Mirpur",2018,Away
2018-01-25,ODI,Bangladesh,Sri Lanka,10 wicketss,"Shere Bangla National Stadium, Mirpur",2018,Away
2018-01-27,ODI,Bangladesh,Sri Lanka,79 runss,"Shere Bangla National Stadium, Mirpur",2018,Away
2018-01-31,Test,Bangladesh,Draw,,Zahur Ahmed Chowdhury Stadium,2018,Away
2018-02-08,Test,Bangladesh,Sri Lanka,215 runss,"Shere Bangla National Stadium, Mirpur",2018,Away
2018-02-15,T20,Bangladesh,Sri Lanka,6 wicketss,"Shere Bangla National Stadium, Mirpur",2018,Away
2018-02-18,T20,Bangladesh,Sri Lanka,75 runss,Sylhet International Cricket Stadium,2018,Away
2018-03-06,T20,India,Sri Lanka,5 wicketss,"R.Premadasa Stadium, Khettarama",2018,Home
2018-03-10,T20,Bangladesh,Opponent,5 wicketss,"R.Premadasa Stadium, Khettarama",2018,Home
2018-03-12,T20,India,Opponent,6 wicketss,"R.Premadasa Stadium, Khettarama",2018,Home
2018-03-16,T20,Bangladesh,Opponent,2 wicketss,"R.Premadasa Stadium, Khettarama",2018,Home
2018-03-22,ODI,Pakistan,Opponent,94 runss,Rangiri Dambulla International Stadium,2018,Home
2018-03-24,ODI,Pakistan,Opponent,108 runss,Rangiri Dambulla International Stadium,2018,Home
2018-03-28,T20,Pakistan,Opponent,1 wicketss,Sinhalese Sports Club Ground,2018,Home
2018-03-30,T20,Pakistan,Sri Lanka,7 wicketss,Nondescripts Cricket Club Ground,2018,Away
2018-06-04,T20,Malaysia,Sri Lanka,90 runss,Royal Selangor Club,2018,Away
2018-06-06,Test,West Indies,Opponent,226 runss,"Queen's Park Oval, Port of Spain",2018,Away
2018-06-06,T20,Pakistan,Opponent,23 runss,Kinrara Academy Oval,2018,Away
2018-06-07,T20,India,Opponent,7 wicketss,Royal Selangor Club,2018,Away
2018-06-09,T20,Thailand,Opponent,4 wicketss,Royal Selangor Club,2018,Away
2018-06-14,Test,West Indies,Draw,,"Daren Sammy National Cricket Stadium, Gros Islet",2018,Away
2018-06-23,Test,West Indies,Sri Lanka,4 wicketss,"Kensington Oval, Bridgetown",2018,Away
2018-07-12,Test,South Africa,Sri Lanka,278 runss,Galle International Stadium,2018,Home
2018-07-20,Test,South Africa,Sri Lanka,199 runss,Sinhalese Sports Club Ground,2018,Home
2018-07-29,ODI,South Africa,Opponent,5 wicketss,Rangiri Dambulla International Stadium,2018,Home
2018-08-01,ODI,South Africa,Opponent,4 wicketss,Rangiri Dambulla International Stadium,2018,Home
2018-08-05,ODI,South Africa,Opponent,78 runss,Pallekele International Cricket Stadium,2018,Home
2018-08-08,ODI,South Africa,Sri Lanka,3 runss,Pallekele International Cricket Stadium,2018,Home
2018-08-12,ODI,South Africa,Sri Lanka,178 runss,"R.Premadasa Stadium, Khettarama",2018,Home
2018-08-14,T20,South Africa,Sri Lanka,3 wicketss,"R.Premadasa Stadium, Khettarama",2018,Home
2018-09-11,ODI,India,Opponent,9 wicketss,Galle International Stadium,2018,Home
2018-09-13,ODI,India,Opponent,7 runss,Galle International Stadium,2018,Home
2018-09-15,ODI,Bangladesh,Opponent,137 runss,Dubai International Cricket Stadium,2018,Away
2018-09-16,ODI,India,Sri Lanka,3 wicketss,Chilaw Marians Cricket Club Ground,2018,Away
2018-09-21,T20,India,No Result,,Colts Cricket Club Ground,2018,Away
2018-09-22,T20,India,Opponent,5 wicketss,Colombo Cricket Club Ground,2018,Home
2018-09-24,T20,India,Opponent,7 wicketss,Colombo Cricket Club Ground,2018,Home
2018-09-25,T20,India,Opponent,51 runss,Chilaw Marians Cricket Club Ground,2018,Away
2018-10-10,ODI,England,No Result,,Rangiri Dambulla International Stadium,2018,Home
2018-10-13,ODI,England,Opponent,31 runss,Rangiri Dambulla International Stadium,2018,Home
2018-10-17,ODI,England,Opponent,7 wicketss,Pallekele International Cricket Stadium,2018,Home
2018-10-20,ODI,England,Opponent,18 runss,Pallekele International Cricket Stadium,2018,Home
2018-10-23,ODI,England,Sri Lanka,219 runss,"R.Premadasa Stadium, Khettarama",2018,Home
2018-10-27,T20,England,Opponent,30 runss,"R.Premadasa Stadium, Khettarama",2018,Home
2018-11-06,Test,England,Opponent,211 runss,Galle International Stadium,2018,Home
2018-11-12,T20,South Africa,Opponent,7 wicketss,"Daren Sammy National Cricket Stadium, Gros Islet",2018,Away
2018-11-14,Test,England,Opponent,57 runss,Pallekele International Cricket Stadium,2018,Home
2018-11-14,T20,Bangladesh,Sri Lanka,25 runss,"Daren Sammy National Cricket Stadium, Gros Islet",2018,Away
2018-11-16,T20,West Indies,Opponent,83 runss,"Daren Sammy National Cricket Stadium, Gros Islet",2018,Away
2018-11-23,Test,England,Opponent,42 runss,Sinhalese Sports Club Ground,2018,Home
2018-12-15,Test,New Zealand,Draw,,"Basin Reserve, Wellington",2018,Away
2018-12-26,Test,New Zealand,Opponent,423 runss,Hagley Oval,2018,Away
2019-01-03,ODI,New Zealand,Opponent,45 runss,Bay Oval,2019,Away
2019-01-05,ODI,New Zealand,Opponent,21 runss,Bay Oval,2019,Away
2019-01-08,ODI,New Zealand,Opponent,115 runss,Saxton Oval,2019,Away
2019-01-11,T20,New Zealand,Opponent,35 runss,Eden Park,2019,Away
2019-01-24,Test,Australia,Opponent,40 runss,"Brisbane Cricket Ground, Woolloongabba",2019,Away
2019-02-01,T20,South Africa,Opponent,7 wicketss,Newlands,2019,Away
2019-02-01,Test,Australia,Opponent,366 runss,Manuka Oval,2019,Away
2019-02-06,T20,South Africa,Opponent,39 runss,SuperSport Park,2019,Away
2019-02-11,ODI,South Africa,Opponent,7 runss,Senwes Park,2019,Away
2019-02-13,Test,South Africa,Sri Lanka,1 wicketss,Kingsmead,2019,Away
2019-02-14,ODI,South Africa,Opponent,30 runss,Senwes Park,2019,Away
2019-02-17,ODI,South Africa,Opponent,6 wicketss,Senwes Park,2019,Away
2019-02-21,Test,South Africa,Sri Lanka,8 wicketss,St George's Park,2019,Away
2019-03-03,ODI,South Africa,Opponent,8 wicketss,The Wanderers Stadium,2019,Away
2019-03-06,ODI,South Africa,Opponent,113 runss,SuperSport Park,2019,Away
2019-03-10,ODI,South Africa,Opponent,71 runss,Kingsmead,2019,Away
2019-03-13,ODI,South Africa,Opponent,6 wicketss,St George's Park,2019,Away
2019-03-16,ODI,South Africa,Opponent,41 runss,Newlands,2019,Away
2019-03-16,ODI,England,Opponent,154 runss,"Mahinda Rajapaksa International Cricket Stadium, Sooriyawewa",2019,Away
2019-03-18,ODI,England,Opponent,6 wicketss,"Mahinda Rajapaksa International Cricket Stadium, Sooriyawewa",2019,Away
2019-03-19,T20,South Africa,Tie,,Newlands,2019,Away
2019-03-21,ODI,England,Opponent,8 wicketss,FTZ Sports Complex (BOI),2019,Away
2019-03-22,T20,South Africa,Opponent,16 runss,SuperSport Park,2019,Away
2019-03-24,T20,England,Opponent,8 wicketss,P Sara Oval,2019,Home
2019-03-24,T20,South Africa,Opponent,45 runss,The Wanderers Stadium,2019,Away
2019-03-26,T20,England,Opponent,8 wicketss,P Sara Oval,2019,Home
2019-03-28,T20,England,Opponent,96 runss,P Sara Oval,2019,Home
2019-05-21,ODI,Scotland,Sri Lanka,35 runss,"Grange Cricket Club, Raeburn Place",2019,Away
2019-06-01,ODI,New Zealand,Opponent,10 wicketss,Sophia Gardens,2019,Away
2019-06-15,ODI,Australia,Opponent,87 runss,Kennington Oval,2019,Away
2019-06-21,ODI,England,Sri Lanka,20 runss,Headingley,2019,Away
2019-06-28,ODI,South Africa,Opponent,9 wicketss,Riverside Ground,2019,Away
2019-07-01,ODI,West Indies,Sri Lanka,23 runss,Riverside Ground,2019,Away
2019-07-06,ODI,India,Opponent,7 wicketss,Headingley,2019,Away
2019-07-26,ODI,Bangladesh,Sri Lanka,91 runss,"R.Premadasa Stadium, Khettarama",2019,Home
2019-07-28,ODI,Bangladesh,Sri Lanka,7 wicketss,"R.Premadasa Stadium, Khettarama",2019,Home
2019-07-31,ODI,Bangladesh,Sri Lanka,122 runss,"R.Premadasa Stadium, Khettarama",2019,Home
2019-08-14,Test,New Zealand,Sri Lanka,6 wicketss,Galle International Stadium,2019,Home
2019-08-22,Test,New Zealand,Opponent,65 runss,P Sara Oval,2019,Home
2019-09-01,T20,New Zealand,Opponent,5 wicketss,Pallekele International Cricket Stadium,2019,Home
2019-09-03,T20,New Zealand,Opponent,4 wicketss,Pallekele International Cricket Stadium,2019,Home
2019-09-06,T20,New Zealand,Sri Lanka,37 runss,Pallekele International Cricket Stadium,2019,Home
2019-09-29,T20,Australia,Opponent,41 runss,North Sydney Oval,2019,Away
2019-09-30,ODI,Pakistan,Opponent,67 runss,National Stadium,2019,Away
2019-09-30,T20,Australia,Opponent,9 wicketss,North Sydney Oval,2019,Away
2019-10-02,ODI,Pakistan,Opponent,5 wicketss,National Stadium,2019,Away
2019-10-02,T20,Australia,Opponent,132 runss,North Sydney Oval,2019,Away
2019-10-05,T20,Pakistan,Sri Lanka,64 runss,Gaddafi Stadium,2019,Away
2019-10-05,ODI,Australia,Opponent,157 runss,Allan Border Field,2019,Away
2019-10-07,T20,Pakistan,Sri Lanka,35 runss,Gaddafi Stadium,2019,Away
2019-10-07,ODI,Australia,Opponent,110 runss,Allan Border Field,2019,Away
2019-10-09,ODI,Australia,Opponent,9 wicketss,Allan Border Field,2019,Away
2019-10-09,T20,Pakistan,Sri Lanka,13 runss,Gaddafi Stadium,2019,Away
2019-10-27,T20,Australia,Opponent,134 runss,Adelaide Oval,2019,Away
2019-10-30,T20,Australia,Opponent,9 wicketss,"Brisbane Cricket Ground, Woolloongabba",2019,Away
2019-11-01,T20,Australia,Opponent,7 wicketss,Melbourne Cricket Ground,2019,Away
2019-12-11,Test,Pakistan,Draw,,Rawalpindi Cricket Stadium,2019,Away
2019-12-19,Test,Pakistan,Opponent,263 runss,National Stadium,2019,Away
2020-01-07,T20,India,Opponent,7 wicketss,Holkar Cricket Stadium,2020,Away
2020-01-10,T20,India,Opponent,78 runss,Maharashtra Cricket Association Stadium,2020,Away
2020-01-19,Test,Zimbabwe,Sri Lanka,10 wicketss,Harare Sports Club,2020,Away
2020-01-27,Test,Zimbabwe,Draw,,Harare Sports Club,2020,Away
2020-02-22,ODI,West Indies,Sri Lanka,1 wicketss,Sinhalese Sports Club Ground,2020,Home
2020-02-22,T20,New Zealand,Opponent,7 wicketss,W.A.C.A. Ground,2020,Away
2020-02-24,T20,Australia,Opponent,5 wicketss,W.A.C.A. Ground,2020,Away
2020-02-26,ODI,West Indies,Sri Lanka,161 runss,"Mahinda Rajapaksa International Cricket Stadium, Sooriyawewa",2020,Away
2020-02-29,T20,India,Opponent,7 wicketss,Junction Oval,2020,Away
2020-03-01,ODI,West Indies,Sri Lanka,6 runss,Pallekele International Cricket Stadium,2020,Home
2020-03-02,T20,Bangladesh,Sri Lanka,9 wicketss,Junction Oval,2020,Away
2020-03-04,T20,West Indies,Opponent,25 runss,Pallekele International Cricket Stadium,2020,Home
2020-03-06,T20,West Indies,Opponent,7 wicketss,Pallekele International Cricket Stadium,2020,Home
2020-12-26,Test,South Africa,Opponent,45 runss,SuperSport Park,2020,Away
2021-01-03,Test,South Africa,Opponent,10 wicketss,The Wanderers Stadium,2021,Away
2021-01-14,Test,England,Opponent,7 wicketss,Galle International Stadium,2021,Home
2021-01-22,Test,England,Opponent,6 wicketss,Galle International Stadium,2021,Home
2021-03-03,T20,West Indies,Opponent,4 wicketss,"Coolidge Cricket Ground, Antigua",2021,Away
2021-03-05,T20,West Indies,Sri Lanka,43 runss,"Coolidge Cricket Ground, Antigua",2021,Away
2021-03-07,T20,West Indies,Opponent,3 wicketss,"Coolidge Cricket Ground, Antigua",2021,Away
2021-03-10,ODI,West Indies,Opponent,8 wicketss,Sir Vivian Richards Stadium,2021,Away
2021-03-12,ODI,West Indies,Opponent,5 wicketss,Sir Vivian Richards Stadium,2021,Away
2021-03-14,ODI,West Indies,Opponent,5 wicketss,Sir Vivian Richards Stadium,2021,Away
2021-03-21,Test,West Indies,Draw,,Sir Vivian Richards Stadium,2021,Away
2021-03-29,Test,West Indies,Draw,,Sir Vivian Richards Stadium,2021,Away
2021-04-21,Test,Bangladesh,Draw,,Pallekele International Cricket Stadium,2021,Home
2021-04-29,Test,Bangladesh,Sri Lanka,209 runss,Pallekele International Cricket Stadium,2021,Home
2021-05-23,ODI,Bangladesh,Opponent,33 runss,"Shere Bangla National Stadium, Mirpur",2021,Away
2021-05-25,ODI,Bangladesh,Opponent,103 runss,Sher-e-Bangla National Cricket Stadium,2021,Away
2021-05-28,ODI,Bangladesh,Sri Lanka,97 runss,"Shere Bangla National Stadium, Mirpur",2021,Away
2021-06-23,T20,England,Opponent,8 wicketss,"Sophia Gardens, Cardiff",2021,Away
2021-06-24,T20,England,Opponent,5 wicketss,"Sophia Gardens, Cardiff",2021,Away
2021-06-26,T20,England,Opponent,89 runss,"The Rose Bowl, Southampton",2021,Away
2021-06-29,ODI,England,Opponent,5 wicketss,"Riverside Ground, Chester-le-Street",2021,Away
2021-07-01,ODI,England,Opponent,8 wicketss,"Kennington Oval, London",2021,Away
2021-07-04,ODI,England,No Result,,"County Ground, Bristol",2021,Away
2021-07-18,ODI,India,Opponent,7 wicketss,"R Premadasa Stadium, Colombo",2021,Home
2021-07-20,ODI,India,Opponent,3 wicketss,"R Premadasa Stadium, Colombo",2021,Home
2021-07-23,ODI,India,Sri Lanka,3 wicketss,"R Premadasa Stadium, Colombo",2021,Home
2021-07-25,T20,India,Opponent,38 runss,"R Premadasa Stadium, Colombo",2021,Home
2021-07-28,T20,India,Sri Lanka,4 wicketss,"R Premadasa Stadium, Colombo",2021,Home
2021-07-29,T20,India,Sri Lanka,7 wicketss,"R Premadasa Stadium, Colombo",2021,Home
2021-09-02,ODI,South Africa,Sri Lanka,14 runss,"R Premadasa Stadium, Colombo",2021,Home
2021-09-04,ODI,South Africa,Opponent,67 runss,"R Premadasa Stadium, Colombo",2021,Home
2021-09-07,ODI,South Africa,Sri Lanka,78 runss,"R Premadasa Stadium, Colombo",2021,Home
2021-09-10,T20,South Africa,Opponent,28 runss,"R Premadasa Stadium, Colombo",2021,Home
2021-09-12,T20,South Africa,Opponent,9 wicketss,"R Premadasa Stadium, Colombo",2021,Home
2021-09-14,T20,South Africa,Opponent,10 wicketss,"R Premadasa Stadium, Colombo",2021,Home
2021-10-18,T20,Namibia,Sri Lanka,7 wicketss,"Zayed Cricket Stadium, Abu Dhabi",2021,Away
2021-10-20,T20,Ireland,Sri Lanka,70 runss,"Zayed Cricket Stadium, Abu Dhabi",2021,Away
2021-10-22,T20,Netherlands,Sri Lanka,8 wicketss,Sharjah Cricket Stadium,2021,Away
2021-10-24,T20,Bangladesh,Sri Lanka,5 wicketss,Sharjah Cricket Stadium,2021,Away
2021-10-28,T20,Australia,Opponent,7 wicketss,Dubai International Cricket Stadium,2021,Away
2021-10-30,T20,South Africa,Opponent,4 wicketss,Sharjah Cricket Stadium,2021,Away
2021-11-01,T20,England,Opponent,26 runss,Sharjah Cricket Stadium,2021,Away
2021-11-04,T20,West Indies,Sri Lanka,20 runss,"Zayed Cricket Stadium, Abu Dhabi",2021,Away
2021-11-21,Test,West Indies,Sri Lanka,187 runss,Galle International Stadium,2021,Home
2021-11-29,Test,West Indies,Sri Lanka,164 runss,Galle International Stadium,2021,Home
2022-01-16,ODI,Zimbabwe,Sri Lanka,5 wicketss,Pallekele International Cricket Stadium,2022,Home
2022-01-18,ODI,Zimbabwe,Opponent,22 runss,Pallekele International Cricket Stadium,2022,Home
2022-01-18,T20,Scotland,Sri Lanka,109 runss,"Kinrara Academy Oval, Kuala Lumpur",2022,Away
2022-01-20,T20,Kenya,Sri Lanka,9 wicketss,"Kinrara Academy Oval, Kuala Lumpur",2022,Away
2022-01-21,ODI,Zimbabwe,Sri Lanka,184 runss,Pallekele International Cricket Stadium,2022,Home
2022-01-22,T20,Malaysia,Sri Lanka,93 runss,"Kinrara Academy Oval, Kuala Lumpur",2022,Away
2022-01-24,T20,Bangladesh,Sri Lanka,22 runss,"Kinrara Academy Oval, Kuala Lumpur",2022,Away
2022-02-11,T20,Australia,Opponent,20 runss,Sydney Cricket Ground,2022,Away
2022-02-13,T20,Australia,Tie,,Sydney Cricket Ground,2022,Away
2022-02-15,T20,Australia,Opponent,6 wicketss,"Manuka Oval, Canberra",2022,Away
2022-02-18,T20,Australia,Opponent,6 wicketss,Melbourne Cricket Ground,2022,Away
2022-02-20,T20,Australia,Sri Lanka,5 wicketss,Melbourne Cricket Ground,2022,Away
2022-02-24,T20,India,Opponent,62 runss,"Bharat Ratna Shri Atal Bihari Vajpayee Ekana Cricket Stadium, Lucknow",2022,Away
2022-02-26,T20,India,Opponent,7 wicketss,"Himachal Pradesh Cricket Association Stadium, Dharamsala",2022,Away
2022-02-27,T20,India,Opponent,6 wicketss,"Himachal Pradesh Cricket Association Stadium, Dharamsala",2022,Away
2022-03-04,Test,India,Opponent,222 runss,"Punjab Cricket Association IS Bindra Stadium, Mohali, Chandigarh",2022,Away
2022-03-12,Test,India,Opponent,238 runss,"M Chinnaswamy Stadium, Bengaluru",2022,Away
2022-05-15,Test,Bangladesh,Draw,,"Zahur Ahmed Chowdhury Stadium, Chattogram",2022,Away
2022-05-23,Test,Bangladesh,Sri Lanka,10 wicketss,"Shere Bangla National Stadium, Mirpur",2022,Away
2022-05-24,T20,Pakistan,Opponent,6 wicketss,"Southend Club Cricket Stadium, Karachi",2022,Away
2022-05-26,T20,Pakistan,Opponent,7 wicketss,"Southend Club Cricket Stadium, Karachi",2022,Away
2022-05-28,T20,Pakistan,Opponent,4 wicketss,"Southend Club Cricket Stadium, Karachi",2022,Away
2022-06-01,ODI,Pakistan,Opponent,8 wicketss,"Southend Club Cricket Stadium, Karachi",2022,Away
2022-06-03,ODI,Pakistan,Opponent,73 runss,"Southend Club Cricket Stadium, Karachi",2022,Away
2022-06-05,ODI,Pakistan,Sri Lanka,93 runss,"Southend Club Cricket Stadium, Karachi",2022,Away
2022-06-07,T20,Australia,Opponent,10 wicketss,"R Premadasa Stadium, Colombo",2022,Home
2022-06-08,T20,Australia,Opponent,3 wicketss,"R Premadasa Stadium, Colombo",2022,Home
2022-06-11,T20,Australia,Sri Lanka,4 wicketss,Pallekele International Cricket Stadium,2022,Home
2022-06-14,ODI,Australia,Opponent,2 wicketss,Pallekele International Cricket Stadium,2022,Home
2022-06-16,ODI,Australia,Sri Lanka,26 runss,Pallekele International Cricket Stadium,2022,Home
2022-06-19,ODI,Australia,Sri Lanka,6 wicketss,"R Premadasa Stadium, Colombo",2022,Home
2022-06-21,ODI,Australia,Sri Lanka,4 runss,"R Premadasa Stadium, Colombo",2022,Home
2022-06-23,T20,India,Opponent,34 runss,Rangiri Dambulla International Stadium,2022,Home
2022-06-24,ODI,Australia,Opponent,4 wicketss,"R Premadasa Stadium, Colombo",2022,Home
2022-06-25,T20,India,Opponent,5 wicketss,Rangiri Dambulla International Stadium,2022,Home
2022-06-27,T20,India,Sri Lanka,7 wicketss,Rangiri Dambulla International Stadium,2022,Home
2022-06-29,Test,Australia,Opponent,10 wicketss,Galle International Stadium,2022,Home
2022-07-01,ODI,India,Opponent,4 wicketss,Pallekele International Cricket Stadium,2022,Home
2022-07-04,ODI,India,Opponent,10 wicketss,Pallekele International Cricket Stadium,2022,Home
2022-07-07,ODI,India,Opponent,39 runss,Pallekele International Cricket Stadium,2022,Home
2022-07-08,Test,Australia,Sri Lanka,39 runss,Galle International Stadium,2022,Home
2022-07-16,Test,Pakistan,Opponent,4 wicketss,Galle International Stadium,2022,Home
2022-07-24,Test,Pakistan,Sri Lanka,246 runss,Galle International Stadium,2022,Home
2022-07-30,T20,England,Opponent,5 wicketss,"Edgbaston, Birmingham",2022,Away
2022-08-02,T20,New Zealand,Opponent,45 runss,"Edgbaston, Birmingham",2022,Away
2022-08-04,T20,South Africa,Opponent,10 wicketss,"Edgbaston, Birmingham",2022,Away
2022-09-01,T20,Bangladesh,Sri Lanka,2 wicketss,Dubai International Cricket Stadium,2022,Away
2022-09-06,T20,India,Sri Lanka,6 wicketss,Dubai International Cricket Stadium,2022,Away
2022-09-09,T20,Pakistan,Sri Lanka,5 wicketss,Dubai International Cricket Stadium,2022,Away
2022-09-11,T20,Pakistan,Sri Lanka,23 runss,Dubai International Cricket Stadium,2022,Away
2022-10-01,T20,India,Opponent,41 runss,"Sylhet International Cricket Stadium, Academy Ground",2022,Away
2022-10-02,T20,United Arab Emirates,Sri Lanka,11 runss,"Sylhet International Cricket Stadium, Academy Ground",2022,Away
2022-10-04,T20,Thailand,Sri Lanka,49 runss,"Sylhet International Cricket Stadium, Academy Ground",2022,Away
2022-10-08,T20,Malaysia,Sri Lanka,72 runss,Sylhet International Cricket Stadium,2022,Away
2022-10-10,T20,Bangladesh,Sri Lanka,3 runss,Sylhet International Cricket Stadium,2022,Away
2022-10-11,T20,Pakistan,Opponent,5 wicketss,Sylhet International Cricket Stadium,2022,Away
2022-10-13,T20,Pakistan,Sri Lanka,1 runss,Sylhet International Cricket Stadium,2022,Away
2022-10-15,T20,India,Opponent,8 wicketss,Sylhet International Cricket Stadium,2022,Away
2022-10-16,T20,Namibia,Opponent,55 runss,"GMHBA Stadium, South Geelong, Victoria",2022,Away
2022-10-18,T20,United Arab Emirates,Sri Lanka,79 runss,"GMHBA Stadium, South Geelong, Victoria",2022,Away
2022-10-20,T20,Netherlands,Sri Lanka,16 runss,"GMHBA Stadium, South Geelong, Victoria",2022,Away
2022-10-23,T20,Ireland,Sri Lanka,9 wicketss,"Bellerive Oval, Hobart",2022,Away
2022-10-25,T20,Australia,Opponent,7 wicketss,Perth Stadium,2022,Away
2022-10-29,T20,New Zealand,Opponent,65 runss,Sydney Cricket Ground,2022,Away
2022-11-05,T20,England,Opponent,4 wicketss,Sydney Cricket Ground,2022,Away
2023-01-03,T20,India,Opponent,2 runss,"Wankhede Stadium, Mumbai",2023,Away
2023-01-05,T20,India,Sri Lanka,16 runss,"Maharashtra Cricket Association Stadium, Pune",2023,Away
2023-01-07,T20,India,Opponent,91 runss,"Saurashtra Cricket Association Stadium, Rajkot",2023,Away
2023-01-10,ODI,India,Opponent,67 runss,"Barsapara Cricket Stadium, Guwahati",2023,Away
2023-01-12,ODI,India,Opponent,4 wicketss,"Eden Gardens, Kolkata",2023,Away
2023-01-15,ODI,India,Opponent,317 runss,"Greenfield International Stadium, Thiruvananthapuram",2023,Away
2023-02-10,T20,South Africa,Sri Lanka,3 runss,"Newlands, Cape Town",2023,Away
2023-02-12,T20,Bangladesh,Sri Lanka,7 wicketss,"Newlands, Cape Town",2023,Away
2023-02-16,T20,Australia,Opponent,10 wicketss,"St George's Park, Gqeberha",2023,Away
2023-02-19,T20,New Zealand,Opponent,102 runss,"Boland Park, Paarl",2023,Away
2023-03-09,Test,New Zealand,Opponent,2 wicketss,"Hagley Oval, Christchurch",2023,Away
2023-03-17,Test,New Zealand,Opponent,58 runss,"Basin Reserve, Wellington",2023,Away
2023-03-25,ODI,New Zealand,Opponent,198 runss,"Eden Park, Auckland",2023,Away
2023-03-31,ODI,New Zealand,Opponent,6 wicketss,"Seddon Park, Hamilton",2023,Away
2023-04-02,T20,New Zealand,Tie,,"Eden Park, Auckland",2023,Away
2023-04-05,T20,New Zealand,Opponent,9 wicketss,"University Oval, Dunedin",2023,Away
2023-04-08,T20,New Zealand,Opponent,4 wicketss,"John Davies Oval, Queenstown",2023,Away
2023-04-16,Test,Ireland,Sri Lanka,280 runss,Galle International Stadium,2023,Home
2023-04-24,Test,Ireland,Sri Lanka,10 runss,Galle International Stadium,2023,Home
2023-04-29,ODI,Bangladesh,No Result,,"P Sara Oval, Colombo",2023,Home
2023-05-04,ODI,Bangladesh,Sri Lanka,58 runss,"Sinhalese Sports Club Ground, Colombo",2023,Home
2023-05-09,T20,Bangladesh,Opponent,6 wicketss,"Sinhalese Sports Club Ground, Colombo",2023,Home
2023-05-11,T20,Bangladesh,Sri Lanka,7 wicketss,"Sinhalese Sports Club Ground, Colombo",2023,Home
2023-05-12,T20,Bangladesh,Sri Lanka,44 runss,"Sinhalese Sports Club Ground, Colombo",2023,Home
2023-06-19,ODI,United Arab Emirates,Sri Lanka,175 runss,"Queens Sports Club, Bulawayo",2023,Away
2023-06-23,ODI,Oman,Sri Lanka,10 wicketss,"Queens Sports Club, Bulawayo",2023,Away
2023-06-25,ODI,Ireland,Sri Lanka,133 runss,"Queens Sports Club, Bulawayo",2023,Away
2023-06-27,ODI,New Zealand,Sri Lanka,9 wicketss,Galle International Stadium,2023,Home
2023-06-27,ODI,Scotland,Sri Lanka,82 runss,"Queens Sports Club, Bulawayo",2023,Away
2023-06-30,ODI,New Zealand,Opponent,116 runss,Galle International Stadium,2023,Home
2023-06-30,ODI,Netherlands,Sri Lanka,21 runss,"Queens Sports Club, Bulawayo",2023,Away
2023-07-02,ODI,Zimbabwe,Sri Lanka,9 wicketss,"Queens Sports Club, Bulawayo",2023,Away
2023-07-03,ODI,New Zealand,Sri Lanka,8 wicketss,Galle International Stadium,2023,Home
2023-07-07,ODI,West Indies,Sri Lanka,8 wicketss,Harare Sports Club,2023,Away
2023-07-08,T20,New Zealand,Opponent,5 wicketss,"P Sara Oval, Colombo",2023,Home
2023-07-09,ODI,Netherlands,Sri Lanka,128 runss,Harare Sports Club,2023,Away
2023-07-10,T20,New Zealand,Opponent,8 wicketss,"P Sara Oval, Colombo",2023,Home
2023-07-12,T20,New Zealand,Sri Lanka,10 wicketss,"P Sara Oval, Colombo",2023,Home
2023-07-16,Test,Pakistan,Opponent,4 wicketss,Galle International Stadium,2023,Home
2023-07-24,Test,Pakistan,Opponent,222 runss,"Sinhalese Sports Club Ground, Colombo",2023,Home
2023-08-31,T20,England,Opponent,12 runss,"County Ground, Hove",2023,Away
2023-08-31,ODI,Bangladesh,Sri Lanka,5 wicketss,Pallekele International Cricket Stadium,2023,Home
2023-09-02,T20,England,Sri Lanka,8 wicketss,"County Ground, Chelmsford",2023,Away
2023-09-06,T20,England,Sri Lanka,7 wicketss,"County Ground, Derby",2023,Away
2023-09-09,ODI,Bangladesh,Sri Lanka,21 runss,"R Premadasa Stadium, Colombo",2023,Home
2023-09-09,ODI,England,Opponent,7 wicketss,"Riverside Ground, Chester-le-Street",2023,Away
2023-09-12,ODI,India,Opponent,41 runss,"R Premadasa Stadium, Colombo",2023,Home
2023-09-12,ODI,England,No Result,,"County Ground, Northampton",2023,Away
2023-09-14,ODI,England,Opponent,161 runss,"Grace Road, Leicester",2023,Away
2023-09-14,ODI,Pakistan,Sri Lanka,2 wicketss,"R Premadasa Stadium, Colombo",2023,Home
2023-09-17,ODI,India,Opponent,10 wicketss,"R Premadasa Stadium, Colombo",2023,Home
2023-09-22,T20,Thailand,Sri Lanka,8 wicketss,Zhejiang University of Technology Cricket Field,2023,Away
2023-09-24,T20,Pakistan,Sri Lanka,6 wicketss,Zhejiang University of Technology Cricket Field,2023,Away
2023-09-25,T20,India,Opponent,19 runss,Zhejiang University of Technology Cricket Field,2023,Away
2023-10-07,ODI,South Africa,Opponent,102 runss,"Arun Jaitley Stadium, Delhi",2023,Away
2023-10-10,ODI,Pakistan,Opponent,6 wicketss,"Rajiv Gandhi International Stadium, Uppal, Hyderabad",2023,Away
2023-10-16,ODI,Australia,Opponent,5 wicketss,"Bharat Ratna Shri Atal Bihari Vajpayee Ekana Cricket Stadium, Lucknow",2023,Away
2023-10-21,ODI,Netherlands,Sri Lanka,5 wicketss,"Bharat Ratna Shri Atal Bihari Vajpayee Ekana Cricket Stadium, Lucknow",2023,Away
2023-10-26,ODI,England,Sri Lanka,8 wicketss,"M Chinnaswamy Stadium, Bengaluru",2023,Away
2023-11-02,ODI,India,Opponent,302 runss,"Wankhede Stadium, Mumbai",2023,Away
2023-11-06,ODI,Bangladesh,Opponent,3 wicketss,"Arun Jaitley Stadium, Delhi",2023,Away
2023-11-09,ODI,New Zealand,Opponent,5 wicketss,"M Chinnaswamy Stadium, Bengaluru",2023,Away
2024-01-06,ODI,Zimbabwe,No Result,,"R Premadasa Stadium, Colombo",2024,Home
2024-01-08,ODI,Zimbabwe,Sri Lanka,2 wicketss,"R Premadasa Stadium, Colombo",2024,Home
2024-01-11,ODI,Zimbabwe,Sri Lanka,8 wicketss,"R Premadasa Stadium, Colombo",2024,Home
2024-01-14,T20,Zimbabwe,Sri Lanka,3 wicketss,"R Premadasa Stadium, Colombo",2024,Home
2024-01-16,T20,Zimbabwe,Opponent,4 wicketss,"R Premadasa Stadium, Colombo",2024,Home
2024-01-18,T20,Zimbabwe,Sri Lanka,9 wicketss,"R Premadasa Stadium, Colombo",2024,Home
2024-03-04,T20,Bangladesh,Sri Lanka,3 runss,Sylhet International Cricket Stadium,2024,Away
2024-03-06,T20,Bangladesh,Opponent,8 wicketss,Sylhet International Cricket Stadium,2024,Away
2024-03-09,T20,Bangladesh,Sri Lanka,28 runss,Sylhet International Cricket Stadium,2024,Away
2024-03-13,ODI,Bangladesh,Opponent,6 wicketss,"Zahur Ahmed Chowdhury Stadium, Chattogram",2024,Away
2024-03-15,ODI,Bangladesh,Sri Lanka,3 wicketss,"Zahur Ahmed Chowdhury Stadium, Chattogram",2024,Away
2024-03-18,ODI,Bangladesh,Opponent,4 wicketss,"Zahur Ahmed Chowdhury Stadium, Chattogram",2024,Away
2024-03-22,Test,Bangladesh,Sri Lanka,328 runss,Sylhet International Cricket Stadium,2024,Away
2024-03-27,T20,South Africa,Opponent,79 runss,"Willowmoore Park, Benoni",2024,Away
2024-03-30,Test,Bangladesh,Sri Lanka,192 runss,"Zahur Ahmed Chowdhury Stadium, Chattogram",2024,Away
2024-03-30,T20,South Africa,Sri Lanka,7 wicketss,"Senwes Park, Potchefstroom",2024,Away
2024-04-03,T20,South Africa,Sri Lanka,4 wicketss,"Buffalo Park, East London",2024,Away
2024-04-09,ODI,South Africa,No Result,,"Buffalo Park, East London",2024,Away
2024-04-13,ODI,South Africa,Opponent,7 wicketss,"Diamond Oval, Kimberley",2024,Away
2024-04-17,ODI,South Africa,Sri Lanka,6 wicketss,"Senwes Park, Potchefstroom",2024,Away
2024-04-25,T20,Thailand,Sri Lanka,67 runss,"Tolerance Oval, Abu Dhabi",2024,Away
2024-04-27,T20,Scotland,Sri Lanka,10 wicketss,"Zayed Cricket Stadium, Abu Dhabi",2024,Away
2024-05-01,T20,Uganda,Sri Lanka,67 runss,"Zayed Cricket Stadium, Abu Dhabi",2024,Away
2024-05-03,T20,United States of America,Sri Lanka,18 runss,"Tolerance Oval, Abu Dhabi",2024,Away
2024-05-05,T20,United Arab Emirates,Sri Lanka,15 runss,"Zayed Cricket Stadium, Abu Dhabi",2024,Away
2024-05-07,T20,Scotland,Sri Lanka,68 runss,"Zayed Cricket Stadium, Abu Dhabi",2024,Away
2024-06-03,T20,South Africa,Opponent,6 wicketss,"Nassau County International Cricket Stadium, New York",2024,Away
2024-06-07,T20,Bangladesh,Opponent,2 wicketss,"Grand Prairie Stadium, Dallas",2024,Away
2024-06-15,ODI,West Indies,Sri Lanka,6 wicketss,"Mahinda Rajapaksa International Cricket Stadium, Sooriyawewa, Hambantota",2024,Away
2024-06-16,T20,Netherlands,Sri Lanka,83 runss,"Daren Sammy National Cricket Stadium, Gros Islet, St Lucia",2024,Away
2024-06-18,ODI,West Indies,Sri Lanka,5 wicketss,"Mahinda Rajapaksa International Cricket Stadium, Sooriyawewa, Hambantota",2024,Away
2024-06-21,ODI,West Indies,Sri Lanka,160 runss,"Mahinda Rajapaksa International Cricket Stadium, Sooriyawewa, Hambantota",2024,Away
2024-06-24,T20,West Indies,Sri Lanka,4 wicketss,"Mahinda Rajapaksa International Cricket Stadium, Sooriyawewa, Hambantota",2024,Away
2024-06-26,T20,West Indies,Opponent,6 wicketss,"Mahinda Rajapaksa International Cricket Stadium, Sooriyawewa, Hambantota",2024,Away
2024-06-28,T20,West Indies,Opponent,6 wicketss,"Mahinda Rajapaksa International Cricket Stadium, Sooriyawewa, Hambantota",2024,Away
2024-07-20,T20,Bangladesh,Sri Lanka,7 wicketss,Rangiri Dambulla International Stadium,2024,Home
2024-07-22,T20,Malaysia,Sri Lanka,144 runss,Rangiri Dambulla International Stadium,2024,Home
2024-07-24,T20,Thailand,Sri Lanka,10 wicketss,Rangiri Dambulla International Stadium,2024,Home
2024-07-26,T20,Pakistan,Sri Lanka,3 wicketss,Rangiri Dambulla International Stadium,2024,Home
2024-07-27,T20,India,Opponent,43 runss,Pallekele International Cricket Stadium,2024,Home
2024-07-28,T20,India,Opponent,7 wicketss,Pallekele International Cricket Stadium,2024,Home
2024-07-28,T20,India,Sri Lanka,8 wicketss,Rangiri Dambulla International Stadium,2024,Home
2024-07-30,T20,India,Tie,,Pallekele International Cricket Stadium,2024,Home
2024-08-02,ODI,India,Tie,,"R Premadasa Stadium, Colombo",2024,Home
2024-08-04,ODI,India,Sri Lanka,32 runss,"R Premadasa Stadium, Colombo",2024,Home
2024-08-07,ODI,India,Sri Lanka,110 runss,"R Premadasa Stadium, Colombo",2024,Home
2024-08-11,T20,Ireland,Sri Lanka,7 wicketss,"Pembroke Cricket Club, Sandymount, Dublin",2024,Away
2024-08-13,T20,Ireland,Opponent,7 runss,"Pembroke Cricket Club, Sandymount, Dublin",2024,Away
2024-08-16,ODI,Ireland,Opponent,3 wicketss,"Civil Service Cricket Club, Stormont, Belfast",2024,Away
2024-08-18,ODI,Ireland,Opponent,15 runss,"Civil Service Cricket Club, Stormont, Belfast",2024,Away
2024-08-20,ODI,Ireland,Sri Lanka,8 wicketss,"Civil Service Cricket Club, Stormont, Belfast",2024,Away
2024-08-21,Test,England,Opponent,5 wicketss,"Old Trafford, Manchester",2024,Away
2024-08-29,Test,England,Opponent,190 runss,"Lord's, London",2024,Away
2024-09-06,Test,England,Sri Lanka,8 wicketss,"Kennington Oval, London",2024,Away
2024-09-18,Test,New Zealand,Sri Lanka,63 runss,Galle International Stadium,2024,Home
2024-09-26,Test,New Zealand,Sri Lanka,154 runss,Galle International Stadium,2024,Home
2024-10-03,T20,Pakistan,Opponent,31 runss,Sharjah Cricket Stadium,2024,Away
2024-10-05,T20,Australia,Opponent,6 wicketss,Sharjah Cricket Stadium,2024,Away
2024-10-09,T20,India,Opponent,82 runss,Dubai International Cricket Stadium,2024,Away
2024-10-12,T20,New Zealand,Opponent,8 wicketss,Sharjah Cricket Stadium,2024,Away
2024-10-13,T20,West Indies,Opponent,5 wicketss,Rangiri Dambulla International Stadium,2024,Home
2024-10-15,T20,West Indies,Sri Lanka,73 runss,Rangiri Dambulla International Stadium,2024,Home
2024-10-17,T20,West Indies,Sri Lanka,9 wicketss,Rangiri Dambulla International Stadium,2024,Home
2024-10-20,ODI,West Indies,Sri Lanka,5 wicketss,Pallekele International Cricket Stadium,2024,Home
2024-10-23,ODI,West Indies,Sri Lanka,5 wicketss,Pallekele International Cricket Stadium,2024,Home
2024-10-26,ODI,West Indies,Opponent,8 wicketss,Pallekele International Cricket Stadium,2024,Home
2024-11-09,T20,New Zealand,Sri Lanka,4 wicketss,Rangiri Dambulla International Stadium,2024,Home
2024-11-10,T20,New Zealand,Opponent,5 runss,Rangiri Dambulla International Stadium,2024,Home
2024-11-13,ODI,New Zealand,Sri Lanka,45 runss,Rangiri Dambulla International Stadium,2024,Home
2024-11-17,ODI,New Zealand,Sri Lanka,3 wicketss,Pallekele International Cricket Stadium,2024,Home
2024-11-19,ODI,New Zealand,No Result,,Pallekele International Cricket Stadium,2024,Home
2024-11-27,Test,South Africa,Opponent,233 runss,"Kingsmead, Durban",2024,Away
2024-12-05,Test,South Africa,Opponent,109 runss,"St George's Park, Gqeberha",2024,Away
2024-12-28,T20,New Zealand,Opponent,8 runss,"Bay Oval, Mount Maunganui",2024,Away
2024-12-30,T20,New Zealand,Opponent,45 runss,"Bay Oval, Mount Maunganui",2024,Away
2025-01-02,T20,New Zealand,Sri Lanka,7 runss,"Saxton Oval, Nelson",2025,Away
2025-01-05,ODI,New Zealand,Opponent,9 wicketss,"Basin Reserve, Wellington",2025,Away
2025-01-08,ODI,New Zealand,Opponent,113 runss,"Seddon Park, Hamilton",2025,Away
2025-01-11,ODI,New Zealand,Sri Lanka,140 runss,"Eden Park, Auckland",2025,Away
2025-01-29,Test,Australia,Opponent,242 runss,Galle International Stadium,2025,Home
2025-02-06,Test,Australia,Opponent,9 wicketss,Galle International Stadium,2025,Home
2025-02-12,ODI,Australia,Sri Lanka,49 runss,"R Premadasa Stadium, Colombo",2025,Home
2025-02-14,ODI,Australia,Sri Lanka,174 runss,"R Premadasa Stadium, Colombo",2025,Home
2025-03-04,ODI,New Zealand,No Result,,"McLean Park, Napier",2025,Away
2025-03-07,ODI,New Zealand,Opponent,78 runss,"Saxton Oval, Nelson",2025,Away
2025-03-09,ODI,New Zealand,Opponent,98 runss,"Saxton Oval, Nelson",2025,Away
2025-03-14,T20,New Zealand,Sri Lanka,7 wicketss,"Hagley Oval, Christchurch",2025,Away
2025-03-16,T20,New Zealand,Opponent,7 wicketss,"Hagley Oval, Christchurch",2025,Away
2025-03-18,T20,New Zealand,No Result,,"University Oval, Dunedin",2025,Away
2025-04-27,ODI,India,Opponent,9 wicketss,"R Premadasa Stadium, Colombo",2025,Home
2025-05-02,ODI,South Africa,Sri Lanka,5 wicketss,"R Premadasa Stadium, Colombo",2025,Home
2025-05-04,ODI,India,Sri Lanka,3 wicketss,"R Premadasa Stadium, Colombo",2025,Home
2025-05-09,ODI,South Africa,Opponent,76 runss,"R Premadasa Stadium, Colombo",2025,Home
2025-05-11,ODI,India,Opponent,97 runss,"R Premadasa Stadium, Colombo",2025,Home
2025-06-17,Test,Bangladesh,Draw,,Galle International Stadium,2025,Home
2025-06-25,Test,Bangladesh,Sri Lanka,78 runss,"Sinhalese Sports Club Ground, Colombo",2025,Home
2025-07-02,ODI,Bangladesh,Sri Lanka,77 runss,"R Premadasa Stadium, Colombo",2025,Home
2025-07-05,ODI,Bangladesh,Opponent,16 runss,"R Premadasa Stadium, Colombo",2025,Home
2025-07-08,ODI,Bangladesh,Sri Lanka,99 runss,Pallekele International Cricket Stadium,2025,Home
2025-07-10,T20,Bangladesh,Sri Lanka,7 wicketss,Pallekele International Cricket Stadium,2025,Home
2025-07-13,T20,Bangladesh,Opponent,83 runss,Rangiri Dambulla International Stadium,2025,Home
2025-07-16,T20,Bangladesh,Opponent,8 wicketss,"R Premadasa Stadium, Colombo",2025,Home
2025-08-29,ODI,Zimbabwe,Sri Lanka,7 runss,Harare Sports Club,2025,Away
2025-08-31,ODI,Zimbabwe,Sri Lanka,5 wicketss,Harare Sports Club,2025,Away
2025-09-03,T20,Zimbabwe,Sri Lanka,4 wicketss,Harare Sports Club,2025,Away
2025-09-06,T20,Zimbabwe,Opponent,5 wicketss,Harare Sports Club,2025,Away
2025-09-07,T20,Zimbabwe,Sri Lanka,8 wicketss,Harare Sports Club,2025,Away
2025-09-13,T20,Bangladesh,Sri Lanka,6 wicketss,"Zayed Cricket Stadium, Abu Dhabi",2025,Away
2025-09-15,T20,Hong Kong,Sri Lanka,4 wicketss,Dubai International Cricket Stadium,2025,Away
2025-09-20,T20,Bangladesh,Opponent,4 wicketss,Dubai International Cricket Stadium,2025,Away
2025-09-23,T20,Pakistan,Opponent,5 wicketss,"Zayed Cricket Stadium, Abu Dhabi",2025,Away
2025-09-26,T20,India,Tie,,Dubai International Cricket Stadium,2025,Away
2025-09-30,ODI,India,Opponent,59 runss,"Barsapara Cricket Stadium, Guwahati",2025,Away
2025-10-11,ODI,England,Opponent,89 runss,"R Premadasa Stadium, Colombo",2025,Home
2025-10-14,ODI,New Zealand,No Result,,"R Premadasa Stadium, Colombo",2025,Home
2025-10-17,ODI,South Africa,Opponent,10 wicketss,"R Premadasa Stadium, Colombo",2025,Home
2025-10-20,ODI,Bangladesh,Sri Lanka,7 runss,"Dr DY Patil Sports Academy, Navi Mumbai",2025,Away
2025-10-24,ODI,Pakistan,No Result,,"R Premadasa Stadium, Colombo",2025,Home
2025-11-11,ODI,Pakistan,Opponent,6 runss,Rawalpindi Cricket Stadium,2025,Away
2025-11-14,ODI,Pakistan,Opponent,8 wicketss,Rawalpindi Cricket Stadium,2025,Away
2025-11-16,ODI,Pakistan,Opponent,6 wicketss,Rawalpindi Cricket Stadium,2025,Away
2025-11-20,T20,Zimbabwe,Opponent,67 runss,Rawalpindi Cricket Stadium,2025,Away
2025-11-22,T20,Pakistan,Opponent,7 wicketss,Rawalpindi Cricket Stadium,2025,Away
2025-11-25,T20,Zimbabwe,Sri Lanka,9 wicketss,Rawalpindi Cricket Stadium,2025,Away
2025-11-27,T20,Pakistan,Sri Lanka,6 runss,Rawalpindi Cricket Stadium,2025,Away
2025-11-29,T20,Pakistan,Opponent,6 wicketss,Rawalpindi Cricket Stadium,2025,Away
2025-12-21,T20,India,Opponent,8 wicketss,"Dr. Y.S. Rajasekhara Reddy ACA-VDCA Cricket Stadium, Visakhapatnam",2025,Away
2025-12-23,T20,India,Opponent,7 wicketss,"Dr. Y.S. Rajasekhara Reddy ACA-VDCA Cricket Stadium, Visakhapatnam",2025,Away
2025-12-26,T20,India,Opponent,8 wicketss,"Greenfield International Stadium, Thiruvananthapuram",2025,Away
2025-12-28,T20,India,Opponent,30 runss,"Greenfield International Stadium, Thiruvananthapuram",2025,Away
2025-12-30,T20,India,Opponent,15 runss,"Greenfield International Stadium, Thiruvananthapuram",2025,Away
2026-01-07,T20,Pakistan,Opponent,6 wicketss,Rangiri Dambulla International Stadium,2026,Home
2026-01-11,T20,Pakistan,Sri Lanka,14 runss,Rangiri Dambulla International Stadium,2026,Home
2026-01-22,ODI,England,Sri Lanka,19 runss,"R Premadasa Stadium, Colombo",2026,Home
2026-01-24,ODI,England,Opponent,5 wicketss,"R Premadasa Stadium, Colombo",2026,Home
2026-01-27,ODI,England,Opponent,53 runss,"R Premadasa Stadium, Colombo",2026,Home
2026-01-30,T20,England,Opponent,11 runss,Pallekele International Cricket Stadium,2026,Home
